,Date,tmax,Days
56249,2018-01-02,18.1,0
56250,2018-01-03,17.2,1
56251,2018-01-04,14.2,2
56252,2018-01-05,6.3,3
56253,2018-01-06,11.1,4
56254,2018-01-07,31.1,5
56255,2018-01-08,37.0,6
56256,2018-01-09,36.0,7
56257,2018-01-10,50.0,8
56258,2018-01-11,59.0,9
56259,2018-01-12,50.0,10
56260,2018-01-13,16.2,11
56261,2018-01-14,17.2,12
56262,2018-01-15,20.1,13
56263,2018-01-16,17.2,14
56264,2018-01-17,27.1,15
56265,2018-01-18,31.1,16
56266,2018-01-19,37.0,17
56267,2018-01-20,44.1,18
56268,2018-01-21,39.0,19
56269,2018-01-22,51.1,20
56270,2018-01-23,46.0,21
56271,2018-01-24,27.1,22
56272,2018-01-25,35.1,23
56273,2018-01-26,53.1,24
56274,2018-01-27,51.1,25
56275,2018-01-28,43.0,26
56276,2018-01-29,28.2,27
56277,2018-01-30,24.3,28
56278,2018-01-31,41.0,29
56279,2018-02-01,34.0,30
56280,2018-02-02,18.1,31
56281,2018-02-03,34.0,32
56282,2018-02-04,31.1,33
56283,2018-02-05,18.1,34
56284,2018-02-06,22.1,35
56285,2018-02-07,23.2,36
56286,2018-02-08,21.2,37
56287,2018-02-09,21.2,38
56288,2018-02-10,20.1,39
56289,2018-02-11,25.2,40
56290,2018-02-12,26.2,41
56291,2018-02-13,28.2,42
56292,2018-02-14,44.1,43
56293,2018-02-15,46.0,44
56294,2018-02-16,36.0,45
56295,2018-02-17,34.0,46
56296,2018-02-18,37.9,47
56297,2018-02-19,55.9,48
56298,2018-02-20,61.0,49
56299,2018-02-21,48.0,50
56300,2018-02-22,41.0,51
56301,2018-02-23,44.1,52
56302,2018-02-24,43.0,53
56303,2018-02-25,48.9,54
56304,2018-02-26,50.0,55
56305,2018-02-27,60.1,56
56306,2018-02-28,60.1,57
56307,2018-03-01,37.9,58
56308,2018-03-02,44.1,59
56309,2018-03-03,42.1,60
56310,2018-03-04,44.1,61
56311,2018-03-05,39.0,62
56312,2018-03-06,37.9,63
56313,2018-03-07,33.1,64
56314,2018-03-08,31.1,65
56315,2018-03-09,33.1,66
56316,2018-03-10,34.0,67
56317,2018-03-11,37.9,68
56318,2018-03-12,39.0,69
56319,2018-03-13,36.0,70
56320,2018-03-14,39.0,71
56321,2018-03-15,37.9,72
56322,2018-03-16,39.0,73
56323,2018-03-17,48.0,74
56324,2018-03-18,55.9,75
56325,2018-03-19,45.0,76
56326,2018-03-20,39.9,77
56327,2018-03-21,37.9,78
56328,2018-03-22,45.0,79
56329,2018-03-23,44.1,80
56330,2018-03-24,42.1,81
56331,2018-03-25,42.1,82
56332,2018-03-26,53.1,83
56333,2018-03-27,52.0,84
56334,2018-03-28,46.9,85
56335,2018-03-29,46.0,86
56336,2018-03-30,45.0,87
56337,2018-03-31,46.9,88
56338,2018-04-01,37.0,89
56339,2018-04-02,43.0,90
56340,2018-04-03,39.0,91
56341,2018-04-04,33.1,92
56342,2018-04-05,41.0,93
56343,2018-04-06,39.9,94
56344,2018-04-07,32.0,95
56345,2018-04-08,39.0,96
56346,2018-04-09,41.0,97
56347,2018-04-10,45.0,98
56348,2018-04-11,55.9,99
56349,2018-04-12,69.1,100
56350,2018-04-13,57.9,101
56351,2018-04-14,37.9,102
56352,2018-04-15,33.1,103
56353,2018-04-16,37.0,104
56354,2018-04-17,36.0,105
56355,2018-04-18,44.1,106
56356,2018-04-19,54.0,107
56357,2018-04-20,57.9,108
56358,2018-04-21,59.0,109
56359,2018-04-22,64.0,110
56360,2018-04-23,73.0,111
56361,2018-04-24,63.0,112
56362,2018-04-25,59.0,113
56363,2018-04-26,64.0,114
56364,2018-04-27,62.1,115
56365,2018-04-28,54.0,116
56366,2018-04-29,59.0,117
56367,2018-04-30,72.0,118
56368,2018-05-01,82.9,119
56369,2018-05-02,84.0,120
56370,2018-05-03,72.0,121
56371,2018-05-04,72.0,122
56372,2018-05-05,80.1,123
56373,2018-05-06,66.0,124
56374,2018-05-07,69.1,125
56375,2018-05-08,81.0,126
56376,2018-05-09,79.0,127
56377,2018-05-10,66.9,128
56378,2018-05-11,50.0,129
56379,2018-05-12,55.0,130
56380,2018-05-13,64.0,131
56381,2018-05-14,77.0,132
56382,2018-05-15,75.0,133
56383,2018-05-16,79.0,134
56384,2018-05-17,73.0,135
56385,2018-05-18,75.9,136
56386,2018-05-19,70.0,137
56387,2018-05-20,60.1,138
56388,2018-05-21,64.0,139
56389,2018-05-22,63.0,140
56390,2018-05-23,80.1,141
56391,2018-05-24,82.0,142
56392,2018-05-25,88.0,143
56393,2018-05-26,86.0,144
56394,2018-05-27,91.9,145
56395,2018-05-28,93.0,146
56396,2018-05-29,91.0,147
56397,2018-05-30,87.1,148
56398,2018-05-31,87.1,149
56399,2018-06-01,82.9,150
56400,2018-06-02,66.0,151
56401,2018-06-03,72.0,152
56402,2018-06-04,71.1,153
56403,2018-06-05,69.1,154
56404,2018-06-06,72.0,155
56405,2018-06-07,82.9,156
56406,2018-06-08,82.0,157
56407,2018-06-09,69.1,158
56408,2018-06-10,69.1,159
56409,2018-06-11,79.0,160
56410,2018-06-12,78.1,161
56411,2018-06-13,80.1,162
56412,2018-06-14,82.9,163
56413,2018-06-15,82.0,164
56414,2018-06-16,84.9,165
56415,2018-06-17,93.0,166
56416,2018-06-18,91.0,167
56417,2018-06-19,73.9,168
56418,2018-06-20,72.0,169
56419,2018-06-21,80.1,170
56420,2018-06-22,73.9,171
56421,2018-06-23,72.0,172
56422,2018-06-24,75.0,173
56423,2018-06-25,77.0,174
56424,2018-06-26,80.1,175
56425,2018-06-27,75.9,176
56426,2018-06-28,88.0,177
56427,2018-06-29,91.0,178
56428,2018-06-30,93.9,179
56429,2018-07-01,93.9,180
56430,2018-07-02,86.0,181
56431,2018-07-03,91.0,182
56432,2018-07-04,95.0,183
56433,2018-07-05,93.9,184
56434,2018-07-06,78.1,185
56435,2018-07-07,82.0,186
56436,2018-07-08,88.0,187
56437,2018-07-09,90.0,188
56438,2018-07-10,88.0,189
56439,2018-07-11,86.0,190
56440,2018-07-12,87.1,191
56441,2018-07-13,91.0,192
56442,2018-07-14,81.0,193
56443,2018-07-15,91.9,194
56444,2018-07-16,91.9,195
56445,2018-07-17,82.9,196
56446,2018-07-18,81.0,197
56447,2018-07-19,84.9,198
56448,2018-07-20,81.0,199
56449,2018-07-21,77.0,200
56450,2018-07-22,73.9,201
56451,2018-07-23,80.1,202
56452,2018-07-24,84.0,203
56453,2018-07-25,87.1,204
56454,2018-07-26,81.0,205
56455,2018-07-27,78.1,206
56456,2018-07-28,80.1,207
56457,2018-07-29,84.0,208
56458,2018-07-30,84.0,209
56459,2018-07-31,79.0,210
56460,2018-08-01,82.0,211
56461,2018-08-02,86.0,212
56462,2018-08-03,84.9,213
56463,2018-08-04,91.0,214
56464,2018-08-05,95.0,215
56465,2018-08-06,78.1,216
56466,2018-08-07,87.1,217
56467,2018-08-08,84.0,218
56468,2018-08-09,82.9,219
56469,2018-08-10,84.0,220
56470,2018-08-11,87.1,221
56471,2018-08-12,86.0,222
56472,2018-08-13,87.1,223
56473,2018-08-14,89.1,224
56474,2018-08-15,87.1,225
56475,2018-08-16,78.1,226
56476,2018-08-17,78.1,227
56477,2018-08-18,82.0,228
56478,2018-08-19,82.9,229
56479,2018-08-20,80.1,230
56480,2018-08-21,77.0,231
56481,2018-08-22,77.0,232
56482,2018-08-23,80.1,233
56483,2018-08-24,75.9,234
56484,2018-08-25,78.1,235
56485,2018-08-26,84.9,236
56486,2018-08-27,89.1,237
56487,2018-08-28,87.1,238
56488,2018-08-29,79.0,239
56489,2018-08-30,75.0,240
56490,2018-08-31,82.0,241
56491,2018-09-01,81.0,242
56492,2018-09-02,87.1,243
56493,2018-09-03,86.0,244
56494,2018-09-04,89.1,245
56495,2018-09-05,89.1,246
56496,2018-09-06,73.0,247
56497,2018-09-07,69.1,248
56498,2018-09-08,66.9,249
56499,2018-09-09,64.9,250
56500,2018-09-10,66.0,251
56501,2018-09-11,77.0,252
56502,2018-09-12,79.0,253
56503,2018-09-13,78.1,254
56504,2018-09-14,82.0,255
56505,2018-09-15,84.0,256
56506,2018-09-16,86.0,257
56507,2018-09-17,89.1,258
56508,2018-09-18,84.9,259
56509,2018-09-19,79.0,260
56510,2018-09-20,81.0,261
56511,2018-09-21,79.0,262
56512,2018-09-22,66.0,263
56513,2018-09-23,71.1,264
56514,2018-09-24,68.0,265
56515,2018-09-25,79.0,266
56516,2018-09-26,66.0,267
56517,2018-09-27,63.0,268
56518,2018-09-28,60.1,269
56519,2018-09-29,60.1,270
56520,2018-09-30,50.0,271
56521,2018-10-01,57.9,272
56522,2018-10-02,64.9,273
56523,2018-10-03,81.0,274
56524,2018-10-04,78.1,275
56525,2018-10-05,57.0,276
56526,2018-10-06,73.9,277
56527,2018-10-07,57.0,278
56528,2018-10-08,84.0,279
56529,2018-10-09,84.0,280
56530,2018-10-10,75.0,281
56531,2018-10-11,66.9,282
56532,2018-10-12,46.0,283
56533,2018-10-13,53.1,284
56534,2018-10-14,60.1,285
56535,2018-10-15,51.1,286
56536,2018-10-16,55.0,287
56537,2018-10-17,46.9,288
56538,2018-10-18,53.1,289
56539,2018-10-19,55.0,290
56540,2018-10-20,55.0,291
56541,2018-10-21,45.0,292
56542,2018-10-22,57.9,293
56543,2018-10-23,53.1,294
56544,2018-10-24,48.0,295
56545,2018-10-25,48.9,296
56546,2018-10-26,52.0,297
56547,2018-10-27,45.0,298
56548,2018-10-28,46.0,299
56549,2018-10-29,54.0,300
56550,2018-10-30,57.0,301
56551,2018-10-31,55.9,302
56552,2018-11-01,46.9,303
56553,2018-11-02,48.0,304
56554,2018-11-03,46.9,305
56555,2018-11-04,51.1,306
56556,2018-11-05,51.1,307
56557,2018-11-06,53.1,308
56558,2018-11-07,43.0,309
56559,2018-11-08,39.9,310
56560,2018-11-09,36.0,311
56561,2018-11-10,35.1,312
56562,2018-11-11,37.9,313
56563,2018-11-12,39.0,314
56564,2018-11-13,32.0,315
56565,2018-11-14,32.0,316
56566,2018-11-15,33.1,317
56567,2018-11-16,37.0,318
56568,2018-11-17,35.1,319
56569,2018-11-18,37.0,320
56570,2018-11-19,37.0,321
56571,2018-11-20,33.1,322
56572,2018-11-21,34.0,323
56573,2018-11-22,29.1,324
56574,2018-11-23,50.0,325
56575,2018-11-24,46.9,326
56576,2018-11-25,42.1,327
56577,2018-11-26,33.1,328
56578,2018-11-27,29.1,329
56579,2018-11-28,27.1,330
56580,2018-11-29,30.2,331
56581,2018-11-30,37.9,332
56582,2018-12-01,37.0,333
56583,2018-12-02,54.0,334
56584,2018-12-03,37.9,335
56585,2018-12-04,33.1,336
56586,2018-12-05,30.2,337
56587,2018-12-06,31.1,338
56588,2018-12-07,30.2,339
56589,2018-12-08,30.2,340
56590,2018-12-09,32.0,341
56591,2018-12-10,34.0,342
56592,2018-12-11,32.0,343
56593,2018-12-12,39.9,344
56594,2018-12-13,37.0,345
56595,2018-12-14,39.9,346
56596,2018-12-15,36.0,347
56597,2018-12-16,37.0,348
56598,2018-12-17,37.9,349
56599,2018-12-18,36.0,350
56600,2018-12-19,48.0,351
56601,2018-12-20,44.1,352
56602,2018-12-21,39.9,353
56603,2018-12-22,32.0,354
56604,2018-12-23,35.1,355
56605,2018-12-24,33.1,356
56606,2018-12-25,32.0,357
56607,2018-12-26,44.1,358
56608,2018-12-27,50.0,359
56609,2018-12-28,53.1,360
56610,2018-12-29,33.1,361
56611,2018-12-30,32.0,362
56612,2018-12-31,39.0,363
56613,2019-01-01,34.0,364
56614,2019-01-02,33.1,365
56615,2019-01-03,37.9,366
56616,2019-01-04,50.0,367
56617,2019-01-05,50.0,368
56618,2019-01-06,39.0,369
56619,2019-01-07,51.1,370
56620,2019-01-08,44.1,371
56621,2019-01-09,31.1,372
56622,2019-01-10,27.1,373
56623,2019-01-11,28.2,374
56624,2019-01-12,30.2,375
56625,2019-01-13,31.1,376
56626,2019-01-14,34.0,377
56627,2019-01-15,28.2,378
56628,2019-01-16,32.0,379
56629,2019-01-17,31.1,380
56630,2019-01-18,30.2,381
56631,2019-01-19,22.1,382
56632,2019-01-20,9.1,383
56633,2019-01-21,13.1,384
56634,2019-01-22,31.1,385
56635,2019-01-23,41.0,386
56636,2019-01-24,28.2,387
56637,2019-01-25,20.1,388
56638,2019-01-26,15.3,389
56639,2019-01-27,15.3,390
56640,2019-01-28,20.1,391
56641,2019-01-29,15.3,392
56643,2019-01-31,4.1,394
56644,2019-02-01,15.3,395
56645,2019-02-02,41.0,396
56646,2019-02-03,48.0,397
56647,2019-02-04,51.1,398
56648,2019-02-05,39.0,399
56649,2019-02-06,32.0,400
56650,2019-02-07,51.1,401
56651,2019-02-08,28.2,402
56652,2019-02-09,22.1,403
56653,2019-02-10,26.2,404
56654,2019-02-11,29.1,405
56655,2019-02-12,34.0,406
56656,2019-02-13,27.1,407
56657,2019-02-14,42.1,408
56658,2019-02-15,39.9,409
56659,2019-02-16,27.1,410
56660,2019-02-17,23.2,411
56661,2019-02-18,25.2,412
56662,2019-02-19,29.1,413
56663,2019-02-20,37.0,414
56664,2019-02-21,36.0,415
56665,2019-02-22,37.9,416
56666,2019-02-23,39.9,417
56667,2019-02-24,46.9,418
56668,2019-02-25,22.1,419
56669,2019-02-26,20.1,420
56670,2019-02-27,22.1,421
56671,2019-02-28,29.1,422
56672,2019-03-01,35.1,423
56673,2019-03-02,31.1,424
56674,2019-03-03,25.2,425
56675,2019-03-04,14.2,426
56676,2019-03-05,18.1,427
56677,2019-03-06,21.2,428
56678,2019-03-07,25.2,429
56679,2019-03-08,39.0,430
56680,2019-03-09,39.0,431
56681,2019-03-10,44.1,432
56682,2019-03-11,35.1,433
56683,2019-03-12,46.0,434
56684,2019-03-13,53.1,435
56685,2019-03-14,62.1,436
56686,2019-03-15,42.1,437
56687,2019-03-16,36.0,438
56688,2019-03-17,37.9,439
56689,2019-03-18,42.1,440
56690,2019-03-19,48.9,441
56691,2019-03-20,44.1,442
56692,2019-03-21,39.9,443
56693,2019-03-22,43.0,444
56694,2019-03-23,46.9,445
56695,2019-03-24,57.9,446
56696,2019-03-25,44.1,447
56697,2019-03-26,46.0,448
56698,2019-03-27,54.0,449
56699,2019-03-28,66.9,450
56700,2019-03-29,55.0,451
56701,2019-03-30,41.0,452
56702,2019-03-31,34.0,453
56703,2019-04-01,45.0,454
56704,2019-04-02,57.9,455
56705,2019-04-03,51.1,456
56706,2019-04-04,46.9,457
56707,2019-04-05,52.0,458
56708,2019-04-06,66.0,459
56709,2019-04-07,72.0,460
56710,2019-04-08,69.1,461
56711,2019-04-09,62.1,462
56712,2019-04-10,43.0,463
56713,2019-04-11,48.9,464
56714,2019-04-12,59.0,465
56715,2019-04-13,52.0,466
56716,2019-04-14,37.0,467
56717,2019-04-15,50.0,468
56718,2019-04-16,64.0,469
56719,2019-04-17,61.0,470
56720,2019-04-18,66.0,471
56721,2019-04-19,42.1,472
56722,2019-04-20,54.0,473
56723,2019-04-21,71.1,474
56724,2019-04-22,75.9,475
56725,2019-04-23,66.0,476
56726,2019-04-24,62.1,477
56727,2019-04-25,64.9,478
56728,2019-04-26,62.1,479
56729,2019-04-27,51.1,480
56730,2019-04-28,55.9,481
56731,2019-04-29,44.1,482
56732,2019-04-30,48.9,483
56733,2019-05-01,63.0,484
56734,2019-05-02,57.0,485
56735,2019-05-03,51.1,486
56736,2019-05-04,64.0,487
56737,2019-05-05,71.1,488
56738,2019-05-06,72.0,489
56739,2019-05-07,55.9,490
56740,2019-05-08,57.9,491
56741,2019-05-09,73.9,492
56742,2019-05-10,57.0,493
56743,2019-05-11,52.0,494
56744,2019-05-12,53.1,495
56745,2019-05-13,57.0,496
56746,2019-05-14,69.1,497
56747,2019-05-15,73.9,498
56748,2019-05-16,75.9,499
56749,2019-05-17,70.0,500
56750,2019-05-18,75.9,501
56751,2019-05-19,75.0,502
56752,2019-05-20,57.9,503
56753,2019-05-21,62.1,504
56754,2019-05-22,73.0,505
56755,2019-05-23,73.9,506
56756,2019-05-24,63.0,507
56757,2019-05-25,81.0,508
56758,2019-05-26,73.0,509
56759,2019-05-27,73.9,510
56760,2019-05-28,66.0,511
56761,2019-05-29,66.9,512
56762,2019-05-30,68.0,513
56763,2019-05-31,80.1,514
56764,2019-06-01,71.1,515
56765,2019-06-02,70.0,516
56766,2019-06-03,66.9,517
56767,2019-06-04,75.0,518
56768,2019-06-05,80.1,519
56769,2019-06-06,75.9,520
56770,2019-06-07,81.0,521
56771,2019-06-08,81.0,522
56772,2019-06-09,70.0,523
56773,2019-06-10,68.0,524
56774,2019-06-11,78.1,525
56775,2019-06-12,75.9,526
56776,2019-06-13,62.1,527
56777,2019-06-14,73.9,528
56778,2019-06-15,72.0,529
56779,2019-06-16,62.1,530
56780,2019-06-17,69.1,531
56781,2019-06-18,81.0,532
56782,2019-06-19,77.0,533
56783,2019-06-20,66.0,534
56784,2019-06-21,77.0,535
56785,2019-06-22,77.0,536
56786,2019-06-23,81.0,537
56787,2019-06-24,78.1,538
56788,2019-06-25,82.9,539
56789,2019-06-26,84.0,540
56790,2019-06-27,87.1,541
56791,2019-06-28,87.1,542
56792,2019-06-29,87.1,543
56793,2019-06-30,84.0,544
56794,2019-07-01,90.0,545
56795,2019-07-02,90.0,546
56796,2019-07-03,86.0,547
56797,2019-07-04,89.1,548
56798,2019-07-05,89.1,549
56799,2019-07-06,86.0,550
56800,2019-07-07,80.1,551
56801,2019-07-08,80.1,552
56802,2019-07-09,82.9,553
56803,2019-07-10,91.0,554
56804,2019-07-11,84.9,555
56805,2019-07-12,81.0,556
56806,2019-07-13,90.0,557
56807,2019-07-14,84.9,558
56808,2019-07-15,91.9,559
56809,2019-07-16,84.0,560
56810,2019-07-17,87.1,561
56811,2019-07-18,84.9,562
56812,2019-07-19,93.0,563
56813,2019-07-20,93.0,564
56814,2019-07-21,81.0,565
56815,2019-07-22,78.1,566
56816,2019-07-23,79.0,567
56817,2019-07-24,79.0,568
56818,2019-07-25,84.0,569
56819,2019-07-26,84.0,570
56821,2019-07-28,90.0,572
56822,2019-07-29,82.9,573
56823,2019-07-30,84.0,574
56824,2019-07-31,78.1,575
56825,2019-08-01,79.0,576
56826,2019-08-02,82.9,577
56827,2019-08-03,87.1,578
56828,2019-08-04,86.0,579
56829,2019-08-05,88.0,580
56830,2019-08-06,82.0,581
56831,2019-08-07,86.0,582
56832,2019-08-08,82.0,583
56833,2019-08-09,80.1,584
56834,2019-08-10,82.9,585
56835,2019-08-11,84.9,586
56836,2019-08-12,89.1,587
56837,2019-08-13,84.9,588
56838,2019-08-14,81.0,589
56839,2019-08-15,70.0,590
56840,2019-08-16,82.0,591
56841,2019-08-17,87.1,592
56842,2019-08-18,84.0,593
56843,2019-08-19,87.1,594
56844,2019-08-20,86.0,595
56845,2019-08-21,82.9,596
56846,2019-08-22,78.1,597
56847,2019-08-23,75.0,598
56848,2019-08-24,75.0,599
56849,2019-08-25,78.1,600
56850,2019-08-26,75.9,601
56851,2019-08-27,81.0,602
56852,2019-08-28,75.0,603
56853,2019-08-29,82.0,604
56854,2019-08-30,75.0,605
56855,2019-08-31,73.0,606
56856,2019-09-01,70.0,607
56857,2019-09-02,81.0,608
56858,2019-09-03,80.1,609
56859,2019-09-04,70.0,610
56860,2019-09-05,73.9,611
56863,2019-09-08,66.0,614
56864,2019-09-09,71.1,615
56865,2019-09-10,82.0,616
56866,2019-09-11,86.0,617
56867,2019-09-12,70.0,618
56868,2019-09-13,82.0,619
56869,2019-09-14,73.9,620
56870,2019-09-15,75.0,621
56871,2019-09-16,79.0,622
56872,2019-09-17,73.9,623
56873,2019-09-18,80.1,624
56874,2019-09-19,82.0,625
56875,2019-09-20,82.9,626
56876,2019-09-21,86.0,627
56877,2019-09-22,84.0,628
56878,2019-09-23,71.1,629
56879,2019-09-24,77.0,630
56880,2019-09-25,73.0,631
56881,2019-09-26,69.1,632
56882,2019-09-27,72.0,633
56883,2019-09-28,66.0,634
56884,2019-09-29,57.9,635
56885,2019-09-30,82.0,636
56886,2019-10-01,79.0,637
56887,2019-10-02,69.1,638
56888,2019-10-03,64.9,639
56889,2019-10-04,55.0,640
56890,2019-10-05,60.1,641
56891,2019-10-06,66.0,642
56892,2019-10-07,69.1,643
56893,2019-10-08,68.0,644
56894,2019-10-09,69.1,645
56895,2019-10-10,72.0,646
56896,2019-10-11,64.9,647
56897,2019-10-12,48.9,648
56898,2019-10-13,55.9,649
56899,2019-10-14,51.1,650
56900,2019-10-15,61.0,651
56901,2019-10-16,54.0,652
56902,2019-10-17,53.1,653
56903,2019-10-18,55.0,654
56904,2019-10-19,61.0,655
56905,2019-10-20,68.0,656
56906,2019-10-21,62.1,657
56907,2019-10-22,54.0,658
56908,2019-10-23,57.9,659
56909,2019-10-24,53.1,660
56910,2019-10-25,48.0,661
56911,2019-10-26,57.0,662
56912,2019-10-27,57.9,663
56913,2019-10-28,64.0,664
56914,2019-10-29,51.1,665
56915,2019-10-30,42.1,666
56916,2019-10-31,44.1,667
56917,2019-11-01,42.1,668
56918,2019-11-02,44.1,669
56919,2019-11-03,46.0,670
56920,2019-11-04,54.0,671
56921,2019-11-05,44.1,672
56922,2019-11-06,37.9,673
56923,2019-11-07,34.0,674
56924,2019-11-08,34.0,675
56925,2019-11-09,42.1,676
56926,2019-11-10,42.1,677
56927,2019-11-11,32.0,678
56928,2019-11-12,24.3,679
56929,2019-11-13,23.2,680
56930,2019-11-14,31.1,681
56931,2019-11-15,37.9,682
56932,2019-11-16,33.1,683
56933,2019-11-17,39.9,684
56934,2019-11-18,46.0,685
56935,2019-11-19,41.0,686
56936,2019-11-20,42.1,687
56937,2019-11-21,52.0,688
56938,2019-11-22,39.0,689
56939,2019-11-23,37.9,690
56940,2019-11-24,46.9,691
56941,2019-11-25,48.0,692
56942,2019-11-26,51.1,693
56943,2019-11-27,53.1,694
56944,2019-11-28,35.1,695
56945,2019-11-29,35.1,696
56946,2019-11-30,36.0,697
56947,2019-12-01,37.0,698
56948,2019-12-02,33.1,699
56949,2019-12-03,35.1,700
56950,2019-12-04,36.0,701
56951,2019-12-05,37.9,702
56952,2019-12-06,41.0,703
56953,2019-12-07,34.0,704
56954,2019-12-08,46.9,705
56955,2019-12-09,48.9,706
56956,2019-12-10,37.0,707
56957,2019-12-11,21.2,708
56958,2019-12-12,35.1,709
56959,2019-12-13,41.0,710
56960,2019-12-14,34.0,711
56961,2019-12-15,30.2,712
56962,2019-12-16,32.0,713
56963,2019-12-17,31.1,714
56964,2019-12-18,26.2,715
56965,2019-12-19,31.1,716
56966,2019-12-20,36.0,717
56967,2019-12-21,46.9,718
56968,2019-12-22,52.0,719
56969,2019-12-23,51.1,720
56970,2019-12-24,35.1,721
56971,2019-12-25,57.0,722
56972,2019-12-26,59.0,723
56973,2019-12-27,55.0,724
56974,2019-12-28,39.0,725
56975,2019-12-29,52.0,726
56976,2019-12-30,51.1,727
56977,2019-12-31,31.1,728
56978,2020-01-01,39.0,729
56979,2020-01-02,45.0,730
56980,2020-01-03,41.0,731
56981,2020-01-04,33.1,732
56982,2020-01-05,36.0,733
56983,2020-01-06,42.1,734
56984,2020-01-07,37.9,735
56985,2020-01-08,29.1,736
56986,2020-01-09,48.0,737
56987,2020-01-10,48.0,738
56988,2020-01-11,51.1,739
56989,2020-01-12,27.1,740
56990,2020-01-13,34.0,741
56991,2020-01-14,37.0,742
56992,2020-01-15,37.0,743
56993,2020-01-16,34.0,744
56994,2020-01-17,26.2,745
56995,2020-01-18,37.0,746
56996,2020-01-19,23.2,747
56997,2020-01-20,24.3,748
56998,2020-01-21,28.2,749
56999,2020-01-22,31.1,750
57000,2020-01-23,36.0,751
57001,2020-01-24,36.0,752
57002,2020-01-25,35.1,753
57003,2020-01-26,34.0,754
57004,2020-01-27,35.1,755
57005,2020-01-28,33.1,756
57006,2020-01-29,31.1,757
57007,2020-01-30,32.0,758
57008,2020-01-31,35.1,759
57009,2020-02-01,34.0,760
57010,2020-02-02,48.9,761
57011,2020-02-03,48.9,762
57012,2020-02-04,35.1,763
57013,2020-02-05,29.1,764
57014,2020-02-06,27.1,765
57015,2020-02-07,32.0,766
57016,2020-02-08,26.2,767
57017,2020-02-09,34.0,768
57018,2020-02-10,35.1,769
57019,2020-02-11,33.1,770
57020,2020-02-12,32.0,771
57021,2020-02-13,29.1,772
57022,2020-02-14,19.2,773
57023,2020-02-15,31.1,774
57024,2020-02-16,37.9,775
57025,2020-02-17,33.1,776
57026,2020-02-18,37.0,777
57027,2020-02-19,28.2,778
57028,2020-02-20,23.2,779
57029,2020-02-21,33.1,780
57030,2020-02-22,44.1,781
57031,2020-02-23,50.0,782
57032,2020-02-24,44.1,783
57033,2020-02-25,36.0,784
57034,2020-02-26,29.1,785
57035,2020-02-27,24.3,786
57036,2020-02-28,26.2,787
57037,2020-02-29,33.1,788
57038,2020-03-01,46.9,789
57039,2020-03-02,50.0,790
57040,2020-03-03,45.0,791
57041,2020-03-04,45.0,792
57042,2020-03-05,48.9,793
57043,2020-03-06,36.0,794
57044,2020-03-07,46.0,795
57045,2020-03-08,62.1,796
57046,2020-03-09,59.0,797
57047,2020-03-10,53.1,798
57048,2020-03-11,41.0,799
57049,2020-03-12,54.0,800
57050,2020-03-13,50.0,801
57051,2020-03-14,37.0,802
57052,2020-03-15,44.1,803
57053,2020-03-16,46.0,804
57054,2020-03-17,48.0,805
57055,2020-03-18,46.9,806
57056,2020-03-19,57.9,807
57057,2020-03-20,61.0,808
57058,2020-03-21,33.1,809
57059,2020-03-22,39.0,810
57060,2020-03-23,37.9,811
57061,2020-03-24,44.1,812
57062,2020-03-25,55.9,813
57063,2020-03-26,54.0,814
57064,2020-03-27,51.1,815
57065,2020-03-28,48.9,816
57066,2020-03-29,57.9,817
57067,2020-03-30,42.1,818
57068,2020-03-31,41.0,819
57069,2020-04-01,48.9,820
57070,2020-04-02,60.1,821
57071,2020-04-03,63.0,822
57072,2020-04-04,52.0,823
57073,2020-04-05,54.0,824
57074,2020-04-06,62.1,825
57075,2020-04-07,72.0,826
57076,2020-04-08,66.9,827
57077,2020-04-09,48.0,828
57078,2020-04-10,43.0,829
57079,2020-04-11,57.0,830
57080,2020-04-12,63.0,831
57081,2020-04-13,54.0,832
57082,2020-04-14,39.0,833
57083,2020-04-15,36.0,834
57084,2020-04-16,41.0,835
57085,2020-04-17,37.9,836
57086,2020-04-18,55.0,837
57087,2020-04-19,60.1,838
57088,2020-04-20,57.9,839
57089,2020-04-21,42.1,840
57090,2020-04-22,36.0,841
57091,2020-04-23,42.1,842
57092,2020-04-24,54.0,843
57093,2020-04-25,55.0,844
57094,2020-04-26,61.0,845
57095,2020-04-27,63.0,846
57096,2020-04-28,71.1,847
57097,2020-04-29,64.0,848
57098,2020-04-30,55.0,849
57099,2020-05-01,64.9,850
57100,2020-05-02,75.0,851
57101,2020-05-03,71.1,852
57102,2020-05-04,57.9,853
57103,2020-05-05,52.0,854
57104,2020-05-06,61.0,855
57105,2020-05-07,62.1,856
57106,2020-05-08,44.1,857
57107,2020-05-09,51.1,858
57108,2020-05-10,55.9,859
57109,2020-05-11,48.0,860
57110,2020-05-12,57.9,861
57111,2020-05-13,62.1,862
57112,2020-05-14,64.0,863
57113,2020-05-15,73.9,864
57114,2020-05-16,69.1,865
57115,2020-05-17,57.0,866
57116,2020-05-18,60.1,867
57117,2020-05-19,64.9,868
57118,2020-05-20,69.1,869
57119,2020-05-21,73.9,870
57120,2020-05-22,71.1,871
57121,2020-05-23,75.9,872
57122,2020-05-24,86.0,873
57123,2020-05-25,87.1,874
57124,2020-05-26,88.0,875
57125,2020-05-27,84.9,876
57126,2020-05-28,75.9,877
57127,2020-05-29,72.0,878
57128,2020-05-30,68.0,879
57129,2020-05-31,64.0,880
57130,2020-06-01,71.1,881
57131,2020-06-02,88.0,882
57132,2020-06-03,82.9,883
57133,2020-06-04,84.0,884
57134,2020-06-05,86.0,885
57135,2020-06-06,80.1,886
57136,2020-06-07,75.0,887
57137,2020-06-08,82.9,888
57138,2020-06-09,90.0,889
57139,2020-06-10,88.0,890
57140,2020-06-11,75.9,891
57141,2020-06-12,70.0,892
57142,2020-06-13,66.0,893
57143,2020-06-14,70.0,894
57144,2020-06-15,75.9,895
57145,2020-06-16,82.9,896
57146,2020-06-17,84.0,897
57147,2020-06-18,87.1,898
57148,2020-06-19,90.0,899
57149,2020-06-20,93.0,900
57150,2020-06-21,86.0,901
57151,2020-06-22,86.0,902
57152,2020-06-23,72.0,903
57153,2020-06-24,77.0,904
57154,2020-06-25,81.0,905
57155,2020-06-26,84.0,906
57156,2020-06-27,86.0,907
57157,2020-06-28,86.0,908
57158,2020-06-29,87.1,909
57159,2020-06-30,87.1,910
57160,2020-07-01,88.0,911
57161,2020-07-02,93.0,912
57162,2020-07-03,95.0,913
57163,2020-07-04,89.1,914
57164,2020-07-05,93.0,915
57165,2020-07-06,93.9,916
57166,2020-07-07,95.0,917
57167,2020-07-08,93.9,918
57168,2020-07-09,95.0,919
57169,2020-07-10,81.0,920
57170,2020-07-11,86.0,921
57171,2020-07-12,82.0,922
57172,2020-07-13,81.0,923
57173,2020-07-14,84.0,924
57174,2020-07-15,88.0,925
57175,2020-07-16,79.0,926
57176,2020-07-17,87.1,927
57177,2020-07-18,91.0,928
57178,2020-07-19,82.9,929
57179,2020-07-20,84.0,930
57180,2020-07-21,82.9,931
57181,2020-07-22,84.0,932
57182,2020-07-23,84.0,933
57183,2020-07-24,82.9,934
57184,2020-07-25,88.0,935
57185,2020-07-26,93.0,936
57186,2020-07-27,87.1,937
57187,2020-07-28,84.9,938
57188,2020-07-29,86.0,939
57189,2020-07-30,81.0,940
57190,2020-07-31,82.0,941
57191,2020-08-01,77.0,942
57192,2020-08-02,77.0,943
57193,2020-08-03,79.0,944
57194,2020-08-04,71.1,945
57195,2020-08-05,75.9,946
57196,2020-08-06,78.1,947
57197,2020-08-07,81.0,948
57198,2020-08-08,82.9,949
57199,2020-08-09,89.1,950
57200,2020-08-10,89.1,951
57201,2020-08-11,82.9,952
57202,2020-08-12,88.0,953
57203,2020-08-13,84.9,954
57204,2020-08-14,87.1,955
57205,2020-08-15,90.0,956
57206,2020-08-16,82.0,957
57207,2020-08-17,84.0,958
57208,2020-08-18,79.0,959
57209,2020-08-19,78.1,960
57210,2020-08-20,84.9,961
57211,2020-08-21,88.0,962
57212,2020-08-22,89.1,963
57213,2020-08-23,88.0,964
57214,2020-08-24,91.9,965
57215,2020-08-25,84.0,966
57216,2020-08-26,89.1,967
57217,2020-08-27,91.9,968
57218,2020-08-28,84.0,969
57219,2020-08-29,78.1,970
57220,2020-08-30,72.0,971
57221,2020-08-31,79.0,972
57222,2020-09-01,82.9,973
57223,2020-09-02,80.1,974
57224,2020-09-03,84.0,975
57225,2020-09-04,73.0,976
57226,2020-09-05,78.1,977
57227,2020-09-06,73.0,978
57228,2020-09-07,78.1,979
57229,2020-09-08,60.1,980
57230,2020-09-09,62.1,981
57231,2020-09-10,61.0,982
57232,2020-09-11,68.0,983
57233,2020-09-12,73.9,984
57234,2020-09-13,71.1,985
57235,2020-09-14,64.9,986
57236,2020-09-15,72.0,987
57237,2020-09-16,77.0,988
57238,2020-09-17,66.0,989
57239,2020-09-18,60.1,990
57240,2020-09-19,63.0,991
57241,2020-09-20,68.0,992
57242,2020-09-21,71.1,993
57243,2020-09-22,77.0,994
57244,2020-09-23,79.0,995
57245,2020-09-24,75.9,996
57246,2020-09-25,79.0,997
57247,2020-09-26,80.1,998
57248,2020-09-27,73.0,999
57249,2020-09-28,63.0,1000
57250,2020-09-29,64.0,1001
57251,2020-09-30,62.1,1002
57252,2020-10-01,59.0,1003
57253,2020-10-02,53.1,1004
57254,2020-10-03,51.1,1005
57255,2020-10-04,55.0,1006
57256,2020-10-05,59.0,1007
57257,2020-10-06,68.0,1008
57258,2020-10-07,70.0,1009
57259,2020-10-08,68.0,1010
57260,2020-10-09,78.1,1011
57261,2020-10-10,71.1,1012
57262,2020-10-11,66.9,1013
57263,2020-10-12,68.0,1014
57264,2020-10-13,66.9,1015
57265,2020-10-14,69.1,1016
57266,2020-10-15,60.1,1017
57267,2020-10-16,53.1,1018
57268,2020-10-17,54.0,1019
57269,2020-10-18,53.1,1020
57270,2020-10-19,48.9,1021
57271,2020-10-20,50.0,1022
57272,2020-10-21,55.9,1023
57273,2020-10-22,62.1,1024
57274,2020-10-23,70.0,1025
57275,2020-10-24,48.0,1026
57276,2020-10-25,46.9,1027
57277,2020-10-26,43.0,1028
57278,2020-10-27,37.9,1029
57279,2020-10-28,53.1,1030
57280,2020-10-29,45.0,1031
57281,2020-10-30,39.0,1032
57282,2020-10-31,52.0,1033
57283,2020-11-01,50.0,1034
57284,2020-11-02,46.0,1035
57285,2020-11-03,64.0,1036
57286,2020-11-04,73.0,1037
57287,2020-11-05,64.0,1038
57288,2020-11-06,72.0,1039
57289,2020-11-07,71.1,1040
57290,2020-11-08,75.0,1041
57291,2020-11-09,77.0,1042
57292,2020-11-10,73.9,1043
57293,2020-11-11,60.1,1044
57294,2020-11-12,50.0,1045
57295,2020-11-13,41.0,1046
57296,2020-11-14,44.1,1047
57297,2020-11-15,54.0,1048
57298,2020-11-16,43.0,1049
57299,2020-11-17,36.0,1050
57300,2020-11-18,45.0,1051
57301,2020-11-19,63.0,1052
57302,2020-11-20,59.0,1053
57303,2020-11-21,45.0,1054
57304,2020-11-22,36.0,1055
57305,2020-11-23,44.1,1056
57306,2020-11-24,37.0,1057
57307,2020-11-25,46.0,1058
57308,2020-11-26,45.0,1059
57309,2020-11-27,43.0,1060
57310,2020-11-28,46.9,1061
57311,2020-11-29,51.1,1062
57312,2020-11-30,39.0,1063
57313,2020-12-01,37.9,1064
57314,2020-12-02,46.9,1065
57315,2020-12-03,43.0,1066
57316,2020-12-04,41.0,1067
57317,2020-12-05,34.0,1068
57318,2020-12-06,28.2,1069
57319,2020-12-07,37.0,1070
57320,2020-12-08,36.0,1071
57321,2020-12-09,46.9,1072
57322,2020-12-10,52.0,1073
57323,2020-12-11,44.1,1074
57324,2020-12-12,42.1,1075
57325,2020-12-13,36.0,1076
57326,2020-12-14,34.0,1077
57327,2020-12-15,29.1,1078
57328,2020-12-16,30.2,1079
57329,2020-12-17,31.1,1080
57330,2020-12-18,36.0,1081
57331,2020-12-19,37.9,1082
57332,2020-12-20,37.0,1083
57333,2020-12-21,37.9,1084
57334,2020-12-22,37.9,1085
57335,2020-12-23,52.0,1086
57336,2020-12-24,48.0,1087
57337,2020-12-25,24.3,1088
57338,2020-12-26,27.1,1089
57339,2020-12-27,41.0,1090
57340,2020-12-28,42.1,1091
57341,2020-12-29,30.2,1092
57342,2020-12-30,37.0,1093
57343,2020-12-31,31.1,1094
57344,2021-01-01,32.0,1095
57345,2021-01-02,32.0,1096
57346,2021-01-03,35.1,1097
57347,2021-01-04,33.1,1098
57348,2021-01-05,34.0,1099
57349,2021-01-06,37.0,1100
57350,2021-01-07,36.0,1101
57351,2021-01-08,28.2,1102
57352,2021-01-09,36.0,1103
57353,2021-01-10,33.1,1104
57354,2021-01-11,29.1,1105
57355,2021-01-12,33.1,1106
57356,2021-01-13,41.0,1107
57357,2021-01-14,41.0,1108
57358,2021-01-15,37.9,1109
57359,2021-01-16,34.0,1110
57360,2021-01-17,34.0,1111
57361,2021-01-18,32.0,1112
57362,2021-01-19,29.1,1113
57363,2021-01-20,28.2,1114
57364,2021-01-21,39.9,1115
57365,2021-01-22,34.0,1116
57366,2021-01-23,29.1,1117
57367,2021-01-24,27.1,1118
57368,2021-01-25,31.1,1119
57369,2021-01-26,30.2,1120
57370,2021-01-27,25.2,1121
57371,2021-01-28,22.1,1122
57372,2021-01-29,25.2,1123
57373,2021-01-30,28.2,1124
57374,2021-01-31,28.2,1125
57375,2021-02-01,30.2,1126
57376,2021-02-02,32.0,1127
57377,2021-02-03,36.0,1128
57378,2021-02-04,34.0,1129
57379,2021-02-05,34.0,1130
57380,2021-02-06,20.1,1131
57381,2021-02-07,14.2,1132
57382,2021-02-08,18.1,1133
57383,2021-02-09,19.2,1134
57384,2021-02-10,19.2,1135
57385,2021-02-11,18.1,1136
57386,2021-02-12,25.2,1137
57387,2021-02-13,21.2,1138
57388,2021-02-14,18.1,1139
57389,2021-02-15,12.2,1140
57390,2021-02-16,18.1,1141
57391,2021-02-17,22.1,1142
57392,2021-02-18,22.1,1143
57393,2021-02-19,27.1,1144
57394,2021-02-20,27.1,1145
57395,2021-02-21,31.1,1146
57396,2021-02-22,35.1,1147
57397,2021-02-23,45.0,1148
57398,2021-02-24,46.0,1149
57399,2021-02-25,39.0,1150
57400,2021-02-26,39.9,1151
57401,2021-02-27,50.0,1152
57402,2021-02-28,57.9,1153
57403,2021-03-01,37.0,1154
57404,2021-03-02,39.0,1155
57405,2021-03-03,51.1,1156
57406,2021-03-04,33.1,1157
57407,2021-03-05,42.1,1158
57408,2021-03-06,39.9,1159
57409,2021-03-07,39.9,1160
57410,2021-03-08,62.1,1161
57411,2021-03-09,63.0,1162
57412,2021-03-10,70.0,1163
57413,2021-03-11,63.0,1164
57414,2021-03-12,53.1,1165
57415,2021-03-13,52.0,1166
57416,2021-03-14,48.0,1167
57417,2021-03-15,39.0,1168
57418,2021-03-16,44.1,1169
57419,2021-03-17,59.0,1170
57420,2021-03-18,43.0,1171
57421,2021-03-19,48.9,1172
57422,2021-03-20,57.9,1173
57423,2021-03-21,66.0,1174
57424,2021-03-22,68.0,1175
57425,2021-03-23,73.0,1176
57426,2021-03-24,68.0,1177
57427,2021-03-25,55.9,1178
57428,2021-03-26,50.0,1179
57429,2021-03-27,57.0,1180
57430,2021-03-28,53.1,1181
57431,2021-03-29,52.0,1182
57432,2021-03-30,69.1,1183
57433,2021-03-31,46.9,1184
57434,2021-04-01,37.9,1185
57435,2021-04-02,46.9,1186
57436,2021-04-03,64.0,1187
57437,2021-04-04,69.1,1188
57438,2021-04-05,64.9,1189
57439,2021-04-06,80.1,1190
57440,2021-04-07,80.1,1191
57441,2021-04-08,75.0,1192
57442,2021-04-09,72.0,1193
57443,2021-04-10,73.9,1194
57444,2021-04-11,60.1,1195
57445,2021-04-12,61.0,1196
57446,2021-04-13,60.1,1197
57447,2021-04-14,48.9,1198
57448,2021-04-15,46.9,1199
57449,2021-04-16,57.9,1200
57450,2021-04-17,59.0,1201
57451,2021-04-18,60.1,1202
57452,2021-04-19,57.0,1203
57453,2021-04-20,39.0,1204
57454,2021-04-21,43.0,1205
57455,2021-04-22,48.9,1206
57456,2021-04-23,63.0,1207
57457,2021-04-24,55.0,1208
57458,2021-04-25,52.0,1209
57459,2021-04-26,57.0,1210
57460,2021-04-27,80.1,1211
57461,2021-04-28,73.0,1212
57462,2021-04-29,55.0,1213
57463,2021-04-30,55.0,1214
57464,2021-05-01,70.0,1215
57465,2021-05-02,81.0,1216
57466,2021-05-03,66.9,1217
57467,2021-05-04,62.1,1218
57468,2021-05-05,59.0,1219
57469,2021-05-06,50.0,1220
57470,2021-05-07,55.9,1221
57471,2021-05-08,55.9,1222
57472,2021-05-09,55.0,1223
57473,2021-05-10,55.9,1224
57474,2021-05-11,55.9,1225
57475,2021-05-12,64.0,1226
57476,2021-05-13,68.0,1227
57477,2021-05-14,72.0,1228
57478,2021-05-15,72.0,1229
57479,2021-05-16,69.1,1230
57480,2021-05-17,75.9,1231
57481,2021-05-18,79.0,1232
57482,2021-05-19,84.0,1233
57483,2021-05-20,87.1,1234
57484,2021-05-21,86.0,1235
57485,2021-05-22,87.1,1236
57486,2021-05-23,84.0,1237
57487,2021-05-24,82.9,1238
57488,2021-05-25,90.0,1239
57489,2021-05-26,77.0,1240
57490,2021-05-27,60.1,1241
57491,2021-05-28,46.9,1242
57492,2021-05-29,63.0,1243
57493,2021-05-30,70.0,1244
57494,2021-05-31,72.0,1245
57495,2021-06-01,77.0,1246
57496,2021-06-02,77.0,1247
57497,2021-06-03,82.9,1248
57498,2021-06-04,88.0,1249
57499,2021-06-05,90.0,1250
57500,2021-06-06,91.0,1251
57501,2021-06-07,81.0,1252
57502,2021-06-08,86.0,1253
57503,2021-06-09,89.1,1254
57504,2021-06-10,88.0,1255
57506,2021-06-12,90.0,1257
57507,2021-06-13,86.0,1258
57508,2021-06-14,80.1,1259
57509,2021-06-15,78.1,1260
57510,2021-06-16,78.1,1261
57511,2021-06-17,86.0,1262
57512,2021-06-18,82.9,1263
57513,2021-06-19,73.9,1264
57514,2021-06-20,86.0,1265
57515,2021-06-21,71.1,1266
57516,2021-06-22,69.1,1267
57517,2021-06-23,73.9,1268
57518,2021-06-24,77.0,1269
57519,2021-06-25,73.0,1270
57520,2021-06-26,80.1,1271
57521,2021-06-27,86.0,1272
57522,2021-06-28,87.1,1273
57523,2021-06-29,86.0,1274
57524,2021-06-30,84.0,1275
57525,2021-07-01,80.1,1276
57526,2021-07-02,77.0,1277
57527,2021-07-03,84.0,1278
57528,2021-07-04,90.0,1279
57529,2021-07-05,90.0,1280
57530,2021-07-06,91.0,1281
57531,2021-07-07,89.1,1282
57532,2021-07-08,80.1,1283
57533,2021-07-09,77.0,1284
57534,2021-07-10,78.1,1285
57535,2021-07-11,73.9,1286
57536,2021-07-12,72.0,1287
57537,2021-07-13,81.0,1288
57538,2021-07-14,84.9,1289
57539,2021-07-15,80.1,1290
57540,2021-07-16,73.0,1291
57541,2021-07-17,81.0,1292
57542,2021-07-18,84.0,1293
57543,2021-07-19,84.9,1294
57544,2021-07-20,86.0,1295
57545,2021-07-21,77.0,1296
57546,2021-07-22,81.0,1297
57547,2021-07-23,81.0,1298
57548,2021-07-24,87.1,1299
57549,2021-07-25,88.0,1300
57550,2021-07-26,89.1,1301
57551,2021-07-27,86.0,1302
57552,2021-07-28,86.0,1303
57553,2021-07-29,87.1,1304
57554,2021-07-30,75.9,1305
57555,2021-07-31,79.0,1306
57556,2021-08-01,75.0,1307
57557,2021-08-02,78.1,1308
57558,2021-08-03,81.0,1309
57559,2021-08-04,84.0,1310
57560,2021-08-05,86.0,1311
57561,2021-08-06,87.1,1312
57562,2021-08-07,89.1,1313
57563,2021-08-08,89.1,1314
57564,2021-08-09,88.0,1315
57565,2021-08-10,89.1,1316
57566,2021-08-11,88.0,1317
57567,2021-08-12,88.0,1318
57568,2021-08-13,84.9,1319
57569,2021-08-14,79.0,1320
57570,2021-08-15,81.0,1321
57571,2021-08-16,79.0,1322
57572,2021-08-17,84.9,1323
57573,2021-08-18,87.1,1324
57574,2021-08-19,89.1,1325
57575,2021-08-20,89.1,1326
57576,2021-08-21,89.1,1327
57577,2021-08-22,87.1,1328
57578,2021-08-23,86.0,1329
57579,2021-08-24,91.0,1330
57580,2021-08-25,90.0,1331
57581,2021-08-26,89.1,1332
57582,2021-08-27,89.1,1333
57583,2021-08-28,91.9,1334
57584,2021-08-29,91.0,1335
57585,2021-08-30,84.0,1336
57586,2021-08-31,80.1,1337
57587,2021-09-01,78.1,1338
57588,2021-09-02,78.1,1339
57589,2021-09-03,77.0,1340
57590,2021-09-04,77.0,1341
57591,2021-09-05,81.0,1342
57592,2021-09-06,77.0,1343
57593,2021-09-07,87.1,1344
57594,2021-09-08,77.0,1345
57595,2021-09-09,73.0,1346
57596,2021-09-10,77.0,1347
57597,2021-09-11,82.0,1348
57598,2021-09-12,82.0,1349
57599,2021-09-13,69.1,1350
57600,2021-09-14,88.0,1351
57601,2021-09-15,77.0,1352
57602,2021-09-16,79.0,1353
57603,2021-09-17,84.9,1354
57604,2021-09-18,78.1,1355
57605,2021-09-19,82.0,1356
57606,2021-09-20,80.1,1357
57607,2021-09-21,75.9,1358
57608,2021-09-22,57.0,1359
57609,2021-09-23,51.1,1360
57610,2021-09-24,73.0,1361
57611,2021-09-25,66.0,1362
57612,2021-09-26,75.9,1363
57613,2021-09-27,82.0,1364
57614,2021-09-28,70.0,1365
57615,2021-09-29,75.0,1366
57616,2021-09-30,77.0,1367
57617,2021-10-01,77.0,1368
57618,2021-10-02,77.0,1369
57619,2021-10-03,75.0,1370
57620,2021-10-04,70.0,1371
57621,2021-10-05,70.0,1372
57622,2021-10-06,70.0,1373
57623,2021-10-07,70.0,1374
57624,2021-10-08,72.0,1375
57625,2021-10-09,73.9,1376
57626,2021-10-10,78.1,1377
57627,2021-10-11,81.0,1378
57628,2021-10-12,72.0,1379
57629,2021-10-13,73.0,1380
57630,2021-10-14,75.9,1381
57631,2021-10-15,63.0,1382
57632,2021-10-16,57.0,1383
57633,2021-10-17,64.0,1384
57634,2021-10-18,69.1,1385
57635,2021-10-19,73.9,1386
57636,2021-10-20,73.0,1387
57637,2021-10-21,63.0,1388
57638,2021-10-22,51.1,1389
57639,2021-10-23,52.0,1390
57640,2021-10-24,48.9,1391
57641,2021-10-25,48.9,1392
57642,2021-10-26,51.1,1393
57643,2021-10-27,52.0,1394
57644,2021-10-28,63.0,1395
57645,2021-10-29,55.9,1396
57646,2021-10-30,54.0,1397
57647,2021-10-31,55.9,1398
57648,2021-11-01,46.9,1399
57649,2021-11-02,46.0,1400
57650,2021-11-03,46.9,1401
57651,2021-11-04,46.9,1402
57652,2021-11-05,51.1,1403
57653,2021-11-06,55.0,1404
57654,2021-11-07,64.9,1405
57655,2021-11-08,64.9,1406
57656,2021-11-09,55.9,1407
57657,2021-11-10,55.0,1408
57658,2021-11-11,64.9,1409
57659,2021-11-12,48.9,1410
57660,2021-11-13,43.0,1411
57661,2021-11-14,37.9,1412
57662,2021-11-15,39.0,1413
57663,2021-11-16,44.1,1414
57664,2021-11-17,60.1,1415
57665,2021-11-18,46.0,1416
57666,2021-11-19,42.1,1417
57667,2021-11-20,42.1,1418
57668,2021-11-21,50.0,1419
57669,2021-11-22,37.0,1420
57670,2021-11-23,39.9,1421
57671,2021-11-24,53.1,1422
57672,2021-11-25,48.9,1423
57673,2021-11-26,30.2,1424
57674,2021-11-27,30.2,1425
57675,2021-11-28,37.0,1426
57676,2021-11-29,39.9,1427
57677,2021-11-30,39.0,1428
57678,2021-12-01,45.0,1429
57679,2021-12-02,53.1,1430
57680,2021-12-03,39.0,1431
57681,2021-12-04,44.1,1432
57682,2021-12-05,42.1,1433
57683,2021-12-06,43.0,1434
57684,2021-12-07,25.2,1435
57685,2021-12-08,31.1,1436
57686,2021-12-09,39.9,1437
57687,2021-12-10,52.0,1438
57688,2021-12-11,60.1,1439
57689,2021-12-12,48.0,1440
57690,2021-12-13,50.0,1441
57691,2021-12-14,48.9,1442
57692,2021-12-15,63.0,1443
57693,2021-12-16,63.0,1444
57694,2021-12-17,39.9,1445
57695,2021-12-18,33.1,1446
57696,2021-12-19,34.0,1447
57697,2021-12-20,41.0,1448
57698,2021-12-21,39.0,1449
57699,2021-12-22,32.0,1450
57700,2021-12-23,39.0,1451
57701,2021-12-24,51.1,1452
57702,2021-12-25,52.0,1453
57703,2021-12-26,37.9,1454
57704,2021-12-27,39.0,1455
57705,2021-12-28,36.0,1456
57706,2021-12-29,37.9,1457
57707,2021-12-30,34.0,1458
57708,2021-12-31,42.1,1459
