Date,Apple,Amazon,Google,Intel,Microsoft,NVIDIA,AMD,S&P 500
2023-03-01 00:00:00-05:00,144.53848266601562,92.16999816894531,90.36000061035156,24.98065948486328,244.26524353027344,226.86866760253906,78.29000091552734,3951.389892578125
2023-03-02 00:00:00-05:00,145.1353302001953,92.12999725341797,92.0,25.838665008544922,249.0658416748047,233.0256805419922,80.44000244140625,3981.35009765625
2023-03-03 00:00:00-05:00,150.22811889648438,94.9000015258789,93.6500015258789,26.035903930664062,253.21182250976562,238.78285217285156,81.5199966430664,4045.639892578125
2023-03-06 00:00:00-05:00,153.01327514648438,93.75,95.12999725341797,25.631559371948242,254.77896118164062,235.4244842529297,81.16000366210938,4048.419921875
2023-03-07 00:00:00-05:00,150.7951202392578,93.55000305175781,93.86000061035156,25.177902221679688,252.08108520507812,232.80532836914062,82.11000061035156,3986.3701171875
2023-03-08 00:00:00-05:00,152.05836486816406,93.91999816894531,94.25,25.621694564819336,251.63475036621094,241.7324676513672,85.37000274658203,3992.010009765625
2023-03-09 00:00:00-05:00,149.79046630859375,92.25,92.31999969482422,26.075349807739258,250.26600646972656,234.2848663330078,84.02999877929688,3918.320068359375
2023-03-10 00:00:00-05:00,147.71156311035156,90.7300033569336,90.62999725341797,26.844593048095703,246.56634521484375,229.5763702392578,82.66999816894531,3861.590087890625
2023-03-13 00:00:00-04:00,149.6710968017578,92.43000030517578,91.11000061035156,26.578319549560547,251.85296630859375,229.58636474609375,82.01000213623047,3855.760009765625
2023-03-14 00:00:00-04:00,151.77984619140625,94.87999725341797,93.97000122070312,27.623699188232422,258.66705322265625,240.55284118652344,87.44999694824219,3919.2900390625
2023-03-15 00:00:00-04:00,152.177734375,96.19999694824219,96.11000061035156,28.01818084716797,263.2791748046875,242.20230102539062,89.68000030517578,3891.929931640625
2023-03-16 00:00:00-04:00,155.02255249023438,100.04000091552734,100.31999969482422,29.76377296447754,273.9516296386719,255.32810974121094,96.5999984741211,3960.280029296875
2023-03-17 00:00:00-04:00,154.1770477294922,98.94999694824219,101.62000274658203,29.398874282836914,277.1553039550781,257.16754150390625,97.83999633789062,3916.639892578125
2023-03-20 00:00:00-04:00,156.5642852783203,97.70999908447266,101.22000122070312,28.75783920288086,270.013916015625,258.9169616699219,96.80999755859375,3951.570068359375
2023-03-21 00:00:00-04:00,158.434326171875,100.61000061035156,104.91999816894531,28.06749153137207,271.55126953125,261.9059753417969,95.93000030517578,4002.8701171875
2023-03-22 00:00:00-04:00,156.9920196533203,98.69999694824219,103.37000274658203,27.74204444885254,270.0734558105469,264.5951232910156,97.58000183105469,3936.969970703125
2023-03-23 00:00:00-04:00,158.086181640625,98.70999908447266,105.5999984741211,28.6296329498291,275.39971923828125,271.82281494140625,100.27999877929688,3948.719970703125
2023-03-24 00:00:00-04:00,159.399169921875,98.12999725341797,105.44000244140625,28.955081939697266,278.2860412597656,267.7041320800781,97.94999694824219,3970.989990234375
2023-03-27 00:00:00-04:00,157.43963623046875,98.04000091552734,102.45999908447266,28.777563095092773,274.1301574707031,265.2249450683594,96.61000061035156,3977.530029296875
2023-03-28 00:00:00-04:00,156.81297302246094,97.23999786376953,101.02999877929688,28.886049270629883,272.9895324707031,264.01531982421875,94.55999755859375,3971.27001953125
2023-03-29 00:00:00-04:00,159.9164276123047,100.25,101.38999938964844,31.085290908813477,278.2265319824219,269.75347900390625,96.08999633789062,4027.81005859375
2023-03-30 00:00:00-04:00,161.4979705810547,102.0,100.88999938964844,31.647430419921875,281.7377014160156,273.7421875,97.87999725341797,4050.830078125
2023-03-31 00:00:00-04:00,164.02447509765625,103.29000091552734,103.7300033569336,32.21942901611328,285.9530944824219,277.680908203125,98.01000213623047,4109.31005859375
2023-04-03 00:00:00-04:00,165.28775024414062,102.41000366210938,104.36000061035156,32.43639373779297,284.8918151855469,279.560302734375,96.55999755859375,4124.509765625
2023-04-04 00:00:00-04:00,164.7506103515625,103.94999694824219,104.72000122070312,32.64349365234375,284.84222412109375,274.44195556640625,95.87000274658203,4100.60009765625
2023-04-05 00:00:00-04:00,162.89053344726562,101.0999984741211,104.47000122070312,32.377227783203125,282.0252990722656,268.7238464355469,92.55999755859375,4090.3798828125
2023-04-06 00:00:00-04:00,163.7857666015625,102.05999755859375,108.41999816894531,32.357505798339844,289.2262268066406,270.28326416015625,92.47000122070312,4105.02001953125
2023-04-10 00:00:00-04:00,161.16973876953125,102.16999816894531,106.44000244140625,32.071502685546875,287.03424072265625,275.7015686035156,95.4800033569336,4109.10986328125
2023-04-11 00:00:00-04:00,159.94625854492188,99.91999816894531,105.3499984741211,31.903841018676758,280.5276184082031,271.6028747558594,94.02999877929688,4108.93994140625
2023-04-12 00:00:00-04:00,159.24998474121094,97.83000183105469,104.63999938964844,31.578393936157227,281.1822509765625,264.8650817871094,92.33000183105469,4091.949951171875
2023-04-13 00:00:00-04:00,164.6809844970703,102.4000015258789,107.43000030517578,31.686878204345703,287.4805603027344,264.545166015625,92.08999633789062,4146.22021484375
2023-04-14 00:00:00-04:00,164.33285522460938,102.51000213623047,108.87000274658203,31.450185775756836,283.8106689453125,267.49420166015625,91.75,4137.64013671875
2023-04-17 00:00:00-04:00,164.35272216796875,102.73999786376953,105.97000122070312,31.696739196777344,286.4490051269531,269.93341064453125,89.87000274658203,4151.31982421875
2023-04-18 00:00:00-04:00,165.58615112304688,102.30000305175781,104.5,31.39101219177246,286.02252197265625,276.581298828125,89.77999877929688,4154.8701171875
2023-04-19 00:00:00-04:00,166.74000549316406,104.30000305175781,104.18000030517578,30.72039222717285,286.10186767578125,279.2204284667969,89.94000244140625,4154.52001953125
2023-04-20 00:00:00-04:00,165.7651824951172,103.80999755859375,105.29000091552734,30.43439292907715,283.7808837890625,270.9530944824219,90.11000061035156,4129.7900390625
2023-04-21 00:00:00-04:00,164.14385986328125,106.95999908447266,105.41000366210938,29.88211441040039,283.4338073730469,271.1030578613281,88.43000030517578,4133.52001953125
2023-04-24 00:00:00-04:00,164.4521942138672,106.20999908447266,105.97000122070312,29.25094223022461,279.47625732421875,270.3332824707031,87.56999969482422,4137.0400390625
2023-04-25 00:00:00-04:00,162.90049743652344,102.56999969482422,103.8499984741211,28.481698989868164,273.177978515625,262.32586669921875,83.80000305175781,4071.6298828125
2023-04-26 00:00:00-04:00,162.89053344726562,104.9800033569336,103.70999908447266,28.649354934692383,292.96551513671875,269.47357177734375,85.94000244140625,4055.989990234375
2023-04-27 00:00:00-04:00,167.51585388183594,109.81999969482422,107.58999633789062,29.44818687438965,302.3485107421875,272.1727294921875,87.44000244140625,4135.35009765625
2023-04-28 00:00:00-04:00,168.7790985107422,105.44999694824219,107.33999633789062,30.631633758544922,304.7587890625,277.4010314941406,89.37000274658203,4169.47998046875
2023-05-01 00:00:00-04:00,168.6895751953125,102.05000305175781,107.19999694824219,29.88211441040039,303.0726013183594,289.00732421875,89.69000244140625,4167.8701171875
2023-05-02 00:00:00-04:00,167.64515686035156,103.62999725341797,105.31999969482422,29.359424591064453,302.9237976074219,282.0095520019531,89.91000366210938,4119.580078125
2023-05-03 00:00:00-04:00,166.56094360351562,103.6500015258789,105.41000366210938,30.227291107177734,301.92205810546875,277.93084716796875,81.62000274658203,4090.75
2023-05-04 00:00:00-04:00,164.90975952148438,104.0,104.69000244140625,30.935314178466797,302.9237976074219,275.5316162109375,86.61000061035156,4061.219970703125
2023-05-05 00:00:00-04:00,172.6484832763672,105.66000366210938,105.56999969482422,30.687753677368164,308.1211853027344,286.7080383300781,89.83999633789062,4136.25
2023-05-08 00:00:00-04:00,172.57882690429688,105.83000183105469,107.7699966430664,30.46990203857422,306.1374206542969,291.4165344238281,95.04000091552734,4138.1201171875
2023-05-09 00:00:00-04:00,170.85801696777344,106.62000274658203,107.3499984741211,29.806434631347656,304.5008544921875,285.6183776855469,95.05999755859375,4119.169921875
2023-05-10 00:00:00-04:00,172.6385040283203,110.19000244140625,111.75,29.677701950073242,309.76763916015625,288.7574157714844,97.0199966430664,4137.64013671875
2023-05-11 00:00:00-04:00,172.82749938964844,112.18000030517578,116.56999969482422,28.578527450561523,307.58551025390625,285.6883850097656,97.0999984741211,4130.6201171875
2023-05-12 00:00:00-04:00,171.89120483398438,110.26000213623047,117.51000213623047,28.66765022277832,306.4548645019531,283.3091125488281,95.26000213623047,4124.080078125
2023-05-15 00:00:00-04:00,171.39317321777344,111.19999694824219,116.51000213623047,29.509361267089844,306.94085693359375,289.4371643066406,97.4000015258789,4136.27978515625
2023-05-16 00:00:00-04:00,171.39317321777344,113.4000015258789,119.51000213623047,28.935016632080078,309.2023010253906,292.0363464355469,101.4800033569336,4109.89990234375
2023-05-17 00:00:00-04:00,172.01072692871094,115.5,120.83999633789062,28.58843231201172,312.1247253417969,301.6832580566406,103.75,4158.77001953125
2023-05-18 00:00:00-04:00,174.36143493652344,118.1500015258789,122.83000183105469,29.39052963256836,316.61773681640625,316.67840576171875,107.93000030517578,4198.0498046875
2023-05-19 00:00:00-04:00,174.4710235595703,116.25,122.76000213623047,29.638092041015625,316.43878173828125,312.5397644042969,105.81999969482422,4191.97998046875
2023-05-22 00:00:00-04:00,173.5147705078125,115.01000213623047,125.05000305175781,29.98468017578125,319.2618408203125,311.6600646972656,108.0,4192.6298828125
2023-05-23 00:00:00-04:00,170.88516235351562,114.98999786376953,122.55999755859375,29.22218894958496,313.377197265625,306.7816162109375,108.12000274658203,4145.580078125
2023-05-24 00:00:00-04:00,171.1640625,116.75,120.9000015258789,28.7171630859375,311.9756164550781,305.2821044921875,108.2699966430664,4115.240234375
2023-05-25 00:00:00-04:00,172.30955505371094,115.0,123.4800033569336,27.132766723632812,323.9735107421875,379.6781921386719,120.3499984741211,4151.27978515625
2023-05-26 00:00:00-04:00,174.73992919921875,120.11000061035156,124.61000061035156,28.7171630859375,330.9019470214844,389.3351135253906,127.02999877929688,4205.4501953125
2023-05-30 00:00:00-04:00,176.6025848388672,121.66000366210938,123.66999816894531,29.697509765625,329.23193359375,400.98138427734375,125.2699966430664,4205.52001953125
2023-05-31 00:00:00-04:00,176.5527801513672,120.58000183105469,122.87000274658203,31.133365631103516,326.4288024902344,378.21868896484375,118.20999908447266,4179.830078125
2023-06-01 00:00:00-04:00,179.38160705566406,122.7699966430664,123.72000122070312,30.82638931274414,330.5937194824219,397.572509765625,119.47000122070312,4221.02001953125
2023-06-02 00:00:00-04:00,180.23822021484375,124.25,124.66999816894531,31.0046329498291,333.39691162109375,393.1439208984375,117.86000061035156,4282.3701171875
2023-06-05 00:00:00-04:00,178.8736114501953,125.30000305175781,126.01000213623047,29.568777084350586,333.9337158203125,391.58441162109375,117.93000030517578,4273.7900390625
2023-06-06 00:00:00-04:00,178.5050811767578,126.61000061035156,127.30999755859375,30.658048629760742,331.6871643066406,386.41607666015625,124.2300033569336,4283.85009765625
2023-06-07 00:00:00-04:00,177.12054443359375,121.2300033569336,122.5,30.97492790222168,321.4486999511719,374.6686096191406,117.83000183105469,4267.52001953125
2023-06-08 00:00:00-04:00,179.8597412109375,124.25,122.13999938964844,31.509658813476562,323.3174743652344,385.0163879394531,121.05000305175781,4293.93017578125
2023-06-09 00:00:00-04:00,180.24818420410156,123.43000030517578,122.2300033569336,31.034339904785156,324.8383483886719,387.6158142089844,124.91999816894531,4298.85986328125
2023-06-12 00:00:00-04:00,183.06704711914062,126.56999969482422,123.63999938964844,32.74747085571289,329.8681335449219,394.7342529296875,129.19000244140625,4338.93017578125
2023-06-13 00:00:00-04:00,182.5889434814453,126.66000366210938,123.83000183105469,33.57927322387695,332.2935485839844,410.13092041015625,124.52999877929688,4369.009765625
2023-06-14 00:00:00-04:00,183.2264404296875,126.41999816894531,123.66999816894531,35.23299026489258,335.3253479003906,429.8766174316406,127.33000183105469,4372.58984375
2023-06-15 00:00:00-04:00,185.2783203125,127.11000061035156,125.08999633789062,35.470645904541016,346.02105712890625,426.4373474121094,124.23999786376953,4425.83984375
2023-06-16 00:00:00-04:00,184.19261169433594,125.48999786376953,123.52999877929688,36.015281677246094,340.2855224609375,426.8273010253906,120.08000183105469,4409.58984375
2023-06-20 00:00:00-04:00,184.28224182128906,125.77999877929688,123.0999984741211,34.65864562988281,336.0310974121094,437.98486328125,118.93000030517578,4388.7099609375
2023-06-21 00:00:00-04:00,183.2364044189453,124.83000183105469,120.55000305175781,32.57912826538086,331.56787109375,430.35650634765625,112.11000061035156,4365.68994140625
2023-06-22 00:00:00-04:00,186.26443481445312,130.14999389648438,123.1500015258789,32.3909797668457,337.6811828613281,430.1565856933594,110.69999694824219,4381.89013671875
2023-06-23 00:00:00-04:00,185.9456787109375,129.3300018310547,122.33999633789062,32.67815017700195,333.0191650390625,421.9983215332031,110.01000213623047,4348.330078125
2023-06-26 00:00:00-04:00,184.54124450683594,127.33000183105469,118.33999633789062,33.014835357666016,326.6375427246094,406.2317199707031,107.51000213623047,4328.81982421875
2023-06-27 00:00:00-04:00,187.32025146484375,129.17999267578125,118.33000183105469,33.767425537109375,332.5718688964844,418.6690673828125,110.38999938964844,4378.41015625
2023-06-28 00:00:00-04:00,188.50559997558594,129.0399932861328,120.18000030517578,33.24259567260742,333.84423828125,411.0806884765625,110.16999816894531,4376.85986328125
2023-06-29 00:00:00-04:00,188.84423828125,127.9000015258789,119.0999984741211,32.58903121948242,333.0489807128906,408.13134765625,111.23999786376953,4396.43994140625
2023-06-30 00:00:00-04:00,193.20703125,130.36000061035156,119.69999694824219,33.113861083984375,338.5062255859375,422.9281005859375,113.91000366210938,4450.3798828125
2023-07-03 00:00:00-04:00,191.70297241210938,130.22000122070312,119.9000015258789,33.29210662841797,335.971435546875,424.0378723144531,115.81999969482422,4455.58984375
2023-07-05 00:00:00-04:00,190.577392578125,130.3800048828125,121.75,32.192928314208984,336.1304931640625,423.078125,113.94999694824219,4446.81982421875
2023-07-06 00:00:00-04:00,191.05551147460938,128.36000061035156,120.11000061035156,31.65819549560547,339.23187255859375,420.9385681152344,113.4800033569336,4411.58984375
2023-07-07 00:00:00-04:00,189.92994689941406,129.77999877929688,119.4800033569336,31.53936767578125,335.2060546875,424.9377136230469,113.16999816894531,4398.9501953125
2023-07-10 00:00:00-04:00,187.86810302734375,127.12999725341797,116.44999694824219,32.42068862915039,329.84820556640625,421.7084045410156,113.58000183105469,4409.52978515625
2023-07-11 00:00:00-04:00,187.34019470214844,128.77999877929688,117.13999938964844,32.975223541259766,330.48443603515625,423.9578857421875,111.31999969482422,4439.259765625
2023-07-12 00:00:00-04:00,189.02354431152344,130.8000030517578,118.93000030517578,33.64859390258789,335.1861572265625,438.92462158203125,114.58000183105469,4472.16015625
2023-07-13 00:00:00-04:00,189.79049682617188,134.3000030517578,124.54000091552734,33.539669036865234,340.6135559082031,459.67010498046875,115.91999816894531,4510.0400390625
2023-07-14 00:00:00-04:00,189.93992614746094,134.67999267578125,125.41999816894531,32.82668685913086,343.17816162109375,454.59124755859375,115.94000244140625,4505.419921875
2023-07-17 00:00:00-04:00,193.22694396972656,133.55999755859375,124.6500015258789,34.0347900390625,343.66522216796875,464.50909423828125,118.31999969482422,4522.7900390625
2023-07-18 00:00:00-04:00,192.96795654296875,132.8300018310547,123.76000213623047,34.16352081298828,357.343017578125,474.83685302734375,117.93000030517578,4554.97998046875
2023-07-19 00:00:00-04:00,194.33258056640625,135.36000061035156,122.02999877929688,34.1239128112793,352.9593811035156,470.667724609375,116.43000030517578,4565.72021484375
2023-07-20 00:00:00-04:00,192.37033081054688,129.9600067138672,119.19999694824219,33.0445442199707,344.7984313964844,455.10113525390625,110.25,4534.8701171875
2023-07-21 00:00:00-04:00,191.18499755859375,130.0,120.0199966430664,33.688201904296875,341.7169189453125,442.9937744140625,110.94999694824219,4536.33984375
2023-07-24 00:00:00-04:00,191.9918212890625,128.8000030517578,121.52999877929688,33.302005767822266,343.0489196777344,446.0231018066406,110.61000061035156,4554.64013671875
2023-07-25 00:00:00-04:00,192.85838317871094,129.1300048828125,122.20999908447266,33.767425537109375,348.8838806152344,456.6907958984375,113.0,4567.4599609375
2023-07-26 00:00:00-04:00,193.7349395751953,128.14999389648438,129.27000427246094,34.02488708496094,335.7527770996094,454.4212646484375,110.08999633789062,4566.75
2023-07-27 00:00:00-04:00,192.45997619628906,128.25,129.39999389648438,34.213035583496094,328.7448425292969,458.90032958984375,111.0999984741211,4537.41015625
2023-07-28 00:00:00-04:00,195.05970764160156,132.2100067138672,132.5800018310547,36.47079849243164,336.34918212890625,467.3984375,112.95999908447266,4582.22998046875
2023-07-31 00:00:00-04:00,195.67726135253906,133.67999267578125,132.72000122070312,35.42113494873047,333.913818359375,467.18853759765625,114.4000015258789,4588.9599609375
2023-08-01 00:00:00-04:00,194.84056091308594,131.69000244140625,131.5500030517578,35.45083999633789,334.331298828125,464.968994140625,117.5999984741211,4576.72998046875
2023-08-02 00:00:00-04:00,191.82247924804688,128.2100067138672,128.3800048828125,34.054595947265625,325.5440979003906,442.5938720703125,109.3499984741211,4513.39013671875
2023-08-03 00:00:00-04:00,190.41802978515625,128.91000366210938,128.4499969482422,34.52991485595703,324.7091064453125,445.0533447265625,113.1500015258789,4501.89013671875
2023-08-04 00:00:00-04:00,181.27415466308594,139.57000732421875,128.11000061035156,34.92246627807617,325.8224182128906,446.70294189453125,115.81999969482422,4478.02978515625
2023-08-07 00:00:00-04:00,178.146484375,142.22000122070312,131.52999877929688,35.01190948486328,328.13848876953125,454.0713806152344,116.80999755859375,4518.43994140625
2023-08-08 00:00:00-04:00,179.09275817871094,139.94000244140625,131.39999389648438,34.8032112121582,324.1027526855469,446.54302978515625,113.2300033569336,4499.3798828125
2023-08-09 00:00:00-04:00,177.4890899658203,137.85000610351562,129.66000366210938,34.06779098510742,320.30560302734375,425.4476013183594,110.47000122070312,4467.7099609375
2023-08-10 00:00:00-04:00,177.26995849609375,138.55999755859375,129.69000244140625,34.46531295776367,321.0013732910156,423.7879638671875,110.2300033569336,4468.830078125
2023-08-11 00:00:00-04:00,177.32980346679688,138.41000366210938,129.55999755859375,34.674015045166016,319.0928649902344,408.46124267578125,107.56999969482422,4464.0498046875
2023-08-14 00:00:00-04:00,178.9954833984375,140.57000732421875,131.3300018310547,35.45912551879883,322.10479736328125,437.43499755859375,111.9800033569336,4489.72021484375
2023-08-15 00:00:00-04:00,176.9906768798828,137.6699981689453,129.77999877929688,34.55475997924805,319.937744140625,439.3045654296875,111.3499984741211,4437.85986328125
2023-08-16 00:00:00-04:00,176.1129608154297,135.07000732421875,128.6999969482422,33.32242965698242,319.1607971191406,434.7655334472656,107.19000244140625,4404.330078125
2023-08-17 00:00:00-04:00,173.54962158203125,133.97999572753906,129.9199981689453,32.378318786621094,315.6544494628906,433.3458557128906,104.44000244140625,4370.35986328125
2023-08-18 00:00:00-04:00,174.03834533691406,133.22000122070312,127.45999908447266,32.547264099121094,315.2559814453125,432.8959655761719,105.44999694824219,4369.7099609375
2023-08-21 00:00:00-04:00,175.3848419189453,134.67999267578125,128.3699951171875,32.93484878540039,320.6351013183594,469.5679931640625,108.22000122070312,4399.77001953125
2023-08-22 00:00:00-04:00,176.771240234375,134.25,129.0800018310547,32.68639373779297,321.21282958984375,456.5807800292969,105.66000366210938,4387.5498046875
2023-08-23 00:00:00-04:00,180.65118408203125,135.52000427246094,132.3699951171875,33.769649505615234,325.73529052734375,471.05767822265625,109.43000030517578,4436.009765625
2023-08-24 00:00:00-04:00,175.92344665527344,131.83999633789062,129.77999877929688,32.38825225830078,318.73248291015625,471.5275573730469,101.80000305175781,4376.31005859375
2023-08-25 00:00:00-04:00,178.14767456054688,133.25999450683594,129.8800048828125,33.044166564941406,321.7308349609375,460.0800476074219,102.25,4405.7099609375
2023-08-28 00:00:00-04:00,179.7235870361328,133.13999938964844,131.00999450683594,33.4118766784668,322.44805908203125,468.248291015625,102.61000061035156,4433.31005859375
2023-08-29 00:00:00-04:00,183.64341735839844,134.91000366210938,134.57000732421875,34.09760665893555,327.13983154296875,487.7340393066406,105.91999816894531,4497.6298828125
2023-08-30 00:00:00-04:00,187.16427612304688,135.07000732421875,135.8800048828125,34.31624221801758,327.51837158203125,492.53302001953125,106.58999633789062,4514.8701171875
2023-08-31 00:00:00-04:00,187.3837127685547,138.00999450683594,136.1699981689453,34.92246627807617,326.49237060546875,493.4427795410156,105.72000122070312,4507.66015625
2023-09-01 00:00:00-04:00,188.9696044921875,138.1199951171875,135.66000366210938,36.38336944580078,327.38885498046875,484.9846496582031,109.44999694824219,4515.77001953125
2023-09-05 00:00:00-04:00,189.20896911621094,137.27000427246094,135.77000427246094,36.48274612426758,332.2599182128906,485.37457275390625,110.77999877929688,4496.830078125
2023-09-06 00:00:00-04:00,182.43655395507812,135.36000061035156,134.4600067138672,36.751075744628906,331.5925598144531,470.5465393066406,109.27999877929688,4465.47998046875
2023-09-07 00:00:00-04:00,177.10040283203125,137.85000610351562,135.25999450683594,37.94364929199219,328.634033203125,462.34765625,106.58999633789062,4451.14013671875
2023-09-08 00:00:00-04:00,177.71878051757812,138.22999572753906,136.3800048828125,37.774696350097656,332.9771423339844,455.6585693359375,106.08999633789062,4457.490234375
2023-09-11 00:00:00-04:00,178.89573669433594,143.10000610351562,136.9199981689453,38.351112365722656,336.6329650878906,451.7190856933594,105.31999969482422,4487.4599609375
2023-09-12 00:00:00-04:00,175.84365844726562,141.22999572753906,135.33999633789062,38.61943817138672,330.48681640625,448.6394958496094,105.30999755859375,4461.89990234375
2023-09-13 00:00:00-04:00,173.75906372070312,144.85000610351562,136.7100067138672,38.470367431640625,334.76025390625,454.7886962890625,107.70999908447266,4467.43994140625
2023-09-14 00:00:00-04:00,175.28512573242188,144.72000122070312,138.10000610351562,38.43061065673828,337.3900146484375,455.74853515625,106.62999725341797,4505.10009765625
2023-09-15 00:00:00-04:00,174.55697631835938,140.38999938964844,137.39999389648438,37.6455078125,328.94281005859375,438.9407958984375,101.48999786376953,4450.31982421875
2023-09-18 00:00:00-04:00,177.50933837890625,139.97999572753906,138.2100067138672,37.75482940673828,327.78729248046875,439.6007080078125,102.37000274658203,4453.52978515625
2023-09-19 00:00:00-04:00,178.6064910888672,137.6300048828125,138.0399932861328,36.11503982543945,327.3788757324219,435.1413269042969,101.61000061035156,4443.9501953125
2023-09-20 00:00:00-04:00,175.03575134277344,135.2899932861328,133.74000549316406,34.47525405883789,319.5293884277344,422.33306884765625,100.33999633789062,4402.2001953125
2023-09-21 00:00:00-04:00,173.47979736328125,129.3300018310547,130.44000244140625,34.43550109863281,318.294189453125,410.1147155761719,96.11000061035156,4330.0
2023-09-22 00:00:00-04:00,174.33755493164062,129.1199951171875,130.25,33.96841049194336,315.783935546875,416.04388427734375,96.19999694824219,4320.06005859375
2023-09-25 00:00:00-04:00,175.6242218017578,131.27000427246094,131.11000061035156,34.07773208618164,316.3118896484375,422.1630859375,97.37999725341797,4337.43994140625
2023-09-26 00:00:00-04:00,171.514892578125,125.9800033569336,128.57000732421875,33.62057876586914,310.9327697753906,419.0534973144531,95.95999908447266,4273.52978515625
2023-09-27 00:00:00-04:00,169.98883056640625,125.9800033569336,130.5399932861328,34.395751953125,311.5802307128906,424.62274169921875,98.06999969482422,4274.509765625
2023-09-28 00:00:00-04:00,170.24818420410156,125.9800033569336,132.30999755859375,34.962223052978516,312.4269714355469,430.8319396972656,102.76000213623047,4299.7001953125
2023-09-29 00:00:00-04:00,170.76683044433594,127.12000274658203,130.86000061035156,35.32992935180664,314.52880859375,434.93133544921875,102.81999969482422,4288.0498046875
2023-10-02 00:00:00-04:00,173.30026245117188,129.4600067138672,134.1699981689453,35.24048614501953,320.5553894042969,447.7596435546875,103.2699966430664,4288.39013671875
2023-10-03 00:00:00-04:00,171.95375061035156,124.72000122070312,132.42999267578125,35.46906280517578,312.17791748046875,435.111328125,100.08000183105469,4229.4501953125
2023-10-04 00:00:00-04:00,173.2104949951172,127.0,135.24000549316406,35.70758056640625,317.72637939453125,440.3506164550781,104.06999969482422,4263.75
2023-10-05 00:00:00-04:00,174.45726013183594,125.95999908447266,135.07000732421875,35.667823791503906,318.12481689453125,446.81976318359375,102.91000366210938,4258.18994140625
2023-10-06 00:00:00-04:00,177.0305938720703,127.95999908447266,137.5800018310547,35.965965270996094,325.9942932128906,457.5583190917969,107.23999786376953,4308.5
2023-10-09 00:00:00-04:00,178.52670288085938,128.25999450683594,138.4199981689453,35.83677673339844,328.54437255859375,452.6689758300781,106.97000122070312,4335.66015625
2023-10-10 00:00:00-04:00,177.92825317382812,129.47999572753906,138.05999755859375,36.20448303222656,327.11993408203125,457.91827392578125,109.01000213623047,4358.240234375
2023-10-11 00:00:00-04:00,179.3345947265625,131.8300018310547,140.5500030517578,36.651695251464844,331.13433837890625,467.9969177246094,108.30999755859375,4376.9501953125
2023-10-12 00:00:00-04:00,180.24224853515625,132.3300018310547,138.97000122070312,36.61194610595703,329.87921142578125,469.38671875,108.79000091552734,4349.60986328125
2023-10-13 00:00:00-04:00,178.38705444335938,129.7899932861328,137.36000061035156,35.74732971191406,326.4624938964844,454.5486755371094,105.08999633789062,4327.77978515625
2023-10-16 00:00:00-04:00,178.2574005126953,132.5500030517578,139.10000610351562,36.33367919921875,331.3534851074219,460.88787841796875,106.45999908447266,4373.6298828125
2023-10-17 00:00:00-04:00,176.6914520263672,131.47000122070312,139.72000122070312,35.83677673339844,330.77569580078125,439.3207702636719,105.13999938964844,4373.2001953125
2023-10-18 00:00:00-04:00,175.3848419189453,128.1300048828125,137.9600067138672,35.41937255859375,328.833251953125,421.903076171875,102.16999816894531,4314.60009765625
2023-10-19 00:00:00-04:00,175.00584411621094,128.39999389648438,137.75,35.44918441772461,330.03857421875,420.9532470703125,102.4000015258789,4278.0
2023-10-20 00:00:00-04:00,172.43251037597656,125.16999816894531,135.60000610351562,34.703826904296875,325.4065856933594,413.814208984375,101.80999755859375,4224.16015625
2023-10-23 00:00:00-04:00,172.5522003173828,126.55999755859375,136.5,33.64045333862305,328.04632568359375,429.6920471191406,100.01000213623047,4217.0400390625
2023-10-24 00:00:00-04:00,172.99105834960938,128.55999755859375,138.80999755859375,34.37587356567383,329.25164794921875,436.5711364746094,101.66999816894531,4247.68017578125
2023-10-25 00:00:00-04:00,170.65713500976562,121.38999938964844,125.61000061035156,32.62677001953125,339.3524475097656,417.7336730957031,96.05999755859375,4186.77001953125
2023-10-26 00:00:00-04:00,166.45802307128906,119.56999969482422,122.27999877929688,32.318687438964844,326.6218566894531,403.20562744140625,93.66999816894531,4137.22998046875
2023-10-27 00:00:00-04:00,167.78457641601562,127.73999786376953,122.16999816894531,35.31999588012695,328.534423828125,404.9454040527344,96.43000030517578,4117.3701171875
2023-10-30 00:00:00-04:00,169.8491973876953,132.7100067138672,124.45999908447266,35.46906280517578,336.0054016113281,411.5544738769531,96.18000030517578,4166.81982421875
2023-10-31 00:00:00-04:00,170.32797241210938,133.08999633789062,124.08000183105469,36.274051666259766,336.80230712890625,407.7449951171875,98.5,4193.7998046875
2023-11-01 00:00:00-04:00,173.51968383789062,137.0,126.44999694824219,37.05915832519531,344.7315368652344,423.19293212890625,108.04000091552734,4237.85986328125
2023-11-02 00:00:00-04:00,177.11038208007812,138.07000732421875,127.48999786376953,37.46662139892578,346.97283935546875,435.0013427734375,107.83000183105469,4317.77978515625
2023-11-03 00:00:00-04:00,176.1927490234375,138.60000610351562,129.10000610351562,37.90389633178711,351.43548583984375,449.9892883300781,112.25,4358.33984375
2023-11-06 00:00:00-05:00,178.7660675048828,139.74000549316406,130.25,37.839088439941406,355.15106201171875,457.4483337402344,111.75,4365.97998046875
2023-11-07 00:00:00-05:00,181.349365234375,142.7100067138672,130.97000122070312,38.65669250488281,359.1356201171875,459.488037109375,113.44999694824219,4378.3798828125
2023-11-08 00:00:00-05:00,182.41659545898438,142.0800018310547,131.83999633789062,37.809173583984375,361.7952880859375,465.67718505859375,113.58999633789062,4382.77978515625
2023-11-09 00:00:00-05:00,181.93783569335938,140.60000610351562,130.24000549316406,37.68952560424805,359.29498291015625,469.4366760253906,113.48999786376953,4347.35009765625
2023-11-10 00:00:00-05:00,186.16244506835938,143.55999755859375,132.58999633789062,38.746429443359375,368.2402648925781,483.28485107421875,118.58999633789062,4415.240234375
2023-11-13 00:00:00-05:00,184.5644989013672,142.58999633789062,132.08999633789062,38.11826705932617,365.2618103027344,486.13446044921875,116.79000091552734,4411.5498046875
2023-11-14 00:00:00-05:00,187.2011260986328,145.8000030517578,133.6199951171875,39.29481887817383,368.8379211425781,496.4930419921875,119.87999725341797,4495.7001953125
2023-11-15 00:00:00-05:00,187.7703857421875,143.1999969482422,134.6199951171875,40.49131393432617,368.9876708984375,488.8141174316406,118.0,4502.8798828125
2023-11-16 00:00:00-05:00,189.46824645996094,142.8300018310547,136.92999267578125,43.223304748535156,375.4756774902344,494.7333068847656,119.83000183105469,4508.240234375
2023-11-17 00:00:00-05:00,189.44825744628906,145.17999267578125,135.30999755859375,43.68196105957031,369.1673278808594,492.9135437011719,120.62000274658203,4514.02001953125
2023-11-20 00:00:00-05:00,191.2060089111328,146.1300048828125,136.25,44.60924530029297,376.7433166503906,504.02203369140625,121.52999877929688,4547.3798828125
2023-11-21 00:00:00-05:00,190.3970489501953,143.89999389648438,136.97000122070312,43.51245880126953,372.3813781738281,499.3726501464844,119.16000366210938,4538.18994140625
2023-11-22 00:00:00-05:00,191.06619262695312,146.7100067138672,138.49000549316406,43.5423698425293,377.1525573730469,487.0943298339844,122.51000213623047,4556.6201171875
2023-11-24 00:00:00-05:00,189.7279052734375,146.74000549316406,136.69000244140625,43.831520080566406,376.7333068847656,477.69561767578125,122.30999755859375,4559.33984375
2023-11-27 00:00:00-05:00,189.54812622070312,147.72999572753906,136.41000366210938,43.951175689697266,377.9111328125,482.35498046875,122.6500015258789,4550.43017578125
2023-11-28 00:00:00-05:00,190.1573486328125,147.02999877929688,137.1999969482422,44.10073471069336,381.9936218261719,478.1455078125,122.01000213623047,4554.89013671875
2023-11-29 00:00:00-05:00,189.128662109375,146.32000732421875,134.99000549316406,44.808658599853516,378.15069580078125,481.3350830078125,123.8499984741211,4550.580078125
2023-11-30 00:00:00-05:00,189.70791625976562,146.08999633789062,132.52999877929688,44.56936264038086,378.2106018066406,467.636962890625,121.16000366210938,4567.7998046875
2023-12-01 00:00:00-05:00,190.9962921142578,147.02999877929688,131.86000061035156,43.61216735839844,373.8187255859375,467.5869445800781,121.38999938964844,4594.6298828125
2023-12-04 00:00:00-05:00,189.18858337402344,144.83999633789062,129.27000427246094,42.226226806640625,368.4586486816406,455.0386657714844,118.56999969482422,4569.77978515625
2023-12-05 00:00:00-05:00,193.1735076904297,146.8800048828125,130.99000549316406,41.797481536865234,371.8323669433594,465.6381530761719,118.37999725341797,4567.18017578125
2023-12-06 00:00:00-05:00,192.07492065429688,144.52000427246094,130.02000427246094,41.149383544921875,368.1192321777344,455.0086669921875,116.81999969482422,4549.33984375
2023-12-07 00:00:00-05:00,194.02243041992188,146.8800048828125,136.92999267578125,42.02681350708008,370.2652893066406,465.9381408691406,128.3699951171875,4585.58984375
2023-12-08 00:00:00-05:00,195.46058654785156,147.4199981689453,134.99000549316406,42.5752067565918,373.53924560546875,475.0377197265625,128.9199981689453,4604.3701171875
2023-12-11 00:00:00-05:00,192.93380737304688,145.88999938964844,133.2899932861328,44.409828186035156,370.6146240234375,466.24810791015625,134.41000366210938,4622.43994140625
2023-12-12 00:00:00-05:00,194.4618682861328,147.47999572753906,132.52000427246094,43.91128921508789,373.68896484375,476.5476379394531,137.61000061035156,4643.7001953125
2023-12-13 00:00:00-05:00,197.7077178955078,148.83999633789062,132.57000732421875,44.43973922729492,373.678955078125,480.8574523925781,138.19000244140625,4707.08984375
2023-12-14 00:00:00-05:00,197.85752868652344,147.4199981689453,131.94000244140625,45.04795837402344,365.2545471191406,483.4773254394531,138.0,4719.5498046875
2023-12-15 00:00:00-05:00,197.31822204589844,149.97000122070312,132.60000610351562,46.02509307861328,370.04571533203125,488.8770751953125,139.14999389648438,4719.18994140625
2023-12-18 00:00:00-05:00,195.64035034179688,154.07000732421875,135.8000030517578,45.55646514892578,371.9621276855469,500.7464904785156,138.89999389648438,4740.56005859375
2023-12-19 00:00:00-05:00,196.68902587890625,153.7899932861328,136.64999389648438,46.52363204956055,372.571044921875,496.0167541503906,140.14999389648438,4768.3701171875
2023-12-20 00:00:00-05:00,194.5817108154297,152.1199951171875,138.33999633789062,45.626258850097656,369.9358825683594,481.08740234375,135.47000122070312,4698.35009765625
2023-12-21 00:00:00-05:00,194.431884765625,153.83999633789062,140.4199981689453,46.942405700683594,372.85052490234375,489.87701416015625,139.91000366210938,4746.75
2023-12-22 00:00:00-05:00,193.35328674316406,153.4199981689453,141.49000549316406,47.85971450805664,373.8885803222656,488.2770690917969,139.60000610351562,4754.6298828125
2023-12-26 00:00:00-05:00,192.80398559570312,153.41000366210938,141.52000427246094,50.35240936279297,373.96844482421875,492.76690673828125,143.41000366210938,4774.75
2023-12-27 00:00:00-05:00,192.90383911132812,153.33999633789062,140.3699951171875,50.61164855957031,373.3795471191406,494.1468200683594,146.07000732421875,4781.580078125
2023-12-28 00:00:00-05:00,193.3332977294922,153.3800048828125,140.22999572753906,50.24272918701172,374.5872802734375,495.19677734375,148.75999450683594,4783.35009765625
2023-12-29 00:00:00-05:00,192.28463745117188,151.94000244140625,139.69000244140625,50.1031379699707,375.34588623046875,495.19677734375,147.41000366210938,4769.830078125
2024-01-02 00:00:00-05:00,185.40341186523438,149.92999267578125,138.1699981689453,47.66029739379883,370.1854248046875,481.65740966796875,138.5800018310547,4742.830078125
2024-01-03 00:00:00-05:00,184.01519775390625,148.47000122070312,138.9199981689453,46.91249084472656,369.9159240722656,475.6676940917969,135.32000732421875,4704.81005859375
2024-01-04 00:00:00-05:00,181.6781768798828,144.57000732421875,136.38999938964844,46.73301696777344,367.2608337402344,479.9574890136719,136.00999450683594,4688.68017578125
2024-01-05 00:00:00-05:00,180.9490966796875,145.24000549316406,135.72999572753906,46.752960205078125,367.0711975097656,490.94696044921875,138.5800018310547,4697.240234375
2024-01-08 00:00:00-05:00,185.32351684570312,149.10000610351562,138.83999633789062,48.30839920043945,373.9983825683594,522.5054931640625,146.17999267578125,4763.5400390625
2024-01-09 00:00:00-05:00,184.904052734375,151.3699951171875,140.9499969482422,47.909568786621094,375.09637451171875,531.3751220703125,149.25999450683594,4756.5
2024-01-10 00:00:00-05:00,185.9527130126953,153.72999572753906,142.27999877929688,47.33126449584961,382.0634460449219,543.4744873046875,148.5399932861328,4783.4501953125
2024-01-11 00:00:00-05:00,185.35348510742188,155.17999267578125,142.0800018310547,47.50076675415039,383.9200439453125,548.1942749023438,148.02000427246094,4780.240234375
2024-01-12 00:00:00-05:00,185.6830596923828,154.6199951171875,142.64999389648438,46.98228454589844,387.7529602050781,547.0743408203125,146.55999755859375,4783.830078125
2024-01-16 00:00:00-05:00,183.39598083496094,153.16000366210938,142.49000549316406,46.922462463378906,389.54962158203125,563.7935791015625,158.74000549316406,4765.97998046875
2024-01-17 00:00:00-05:00,182.4471893310547,151.7100067138672,141.47000122070312,45.92538833618164,388.7510986328125,560.5037231445312,160.1699981689453,4739.2099609375
2024-01-18 00:00:00-05:00,188.38961791992188,153.5,143.47999572753906,46.60340118408203,393.1429748535156,571.043212890625,162.6699981689453,4780.93994140625
2024-01-19 00:00:00-05:00,191.3158721923828,155.33999633789062,146.3800048828125,48.00927734375,397.93414306640625,594.882080078125,174.22999572753906,4839.81005859375
2024-01-22 00:00:00-05:00,193.6428985595703,154.77999877929688,145.99000549316406,48.07907485961914,395.7781066894531,596.5120239257812,168.17999267578125,4850.43017578125
2024-01-23 00:00:00-05:00,194.93125915527344,156.02000427246094,147.0399932861328,48.74711227416992,398.1636962890625,598.701904296875,168.4199981689453,4864.60009765625
2024-01-24 00:00:00-05:00,194.2521209716797,156.8699951171875,148.6999969482422,48.946529388427734,401.8169250488281,613.5911865234375,178.2899932861328,4868.5498046875
2024-01-25 00:00:00-05:00,193.92254638671875,157.75,151.8699951171875,49.40518569946289,404.1226806640625,616.1410522460938,180.3300018310547,4894.16015625
2024-01-26 00:00:00-05:00,192.17477416992188,159.1199951171875,152.19000244140625,43.522430419921875,403.1844177246094,610.2813720703125,177.25,4890.97021484375
2024-01-29 00:00:00-05:00,191.48565673828125,161.25999450683594,153.50999450683594,43.71187210083008,408.9637145996094,624.6207275390625,177.8300018310547,4927.93017578125
2024-01-30 00:00:00-05:00,187.80035400390625,159.0,151.4600067138672,42.794559478759766,407.8358154296875,627.7105712890625,172.05999755859375,4924.97021484375
2024-01-31 00:00:00-05:00,184.1649932861328,155.1999969482422,140.10000610351562,42.954097747802734,396.84613037109375,615.2411499023438,167.69000244140625,4845.64990234375
2024-02-01 00:00:00-05:00,186.6218719482422,159.27999877929688,141.16000366210938,43.2332763671875,403.0346984863281,630.240478515625,170.47999572753906,4906.18994140625
2024-02-02 00:00:00-05:00,185.6131591796875,171.80999755859375,142.3800048828125,42.475494384765625,410.4609680175781,661.5689697265625,177.66000366210938,4958.60986328125
2024-02-05 00:00:00-05:00,187.44081115722656,170.30999755859375,143.67999267578125,42.64500045776367,404.9012451171875,693.2874755859375,174.22999572753906,4942.81005859375
2024-02-06 00:00:00-05:00,189.0587615966797,169.14999389648438,144.10000610351562,42.7400016784668,404.74151611328125,682.197998046875,167.8800048828125,4954.22998046875
2024-02-07 00:00:00-05:00,189.1686248779297,170.52999877929688,145.5399932861328,42.779998779296875,413.28570556640625,700.9570922851562,170.94000244140625,4995.06005859375
2024-02-08 00:00:00-05:00,188.08001708984375,169.83999633789062,145.91000366210938,42.5,413.3456115722656,696.3773193359375,169.35000610351562,4997.91015625
2024-02-09 00:00:00-05:00,188.85000610351562,174.4499969482422,149.0,43.310001373291016,419.7737121582031,721.2962036132812,172.47999572753906,5026.60986328125
2024-02-12 00:00:00-05:00,187.14999389648438,172.33999633789062,147.52999877929688,44.029998779296875,414.4934997558594,722.4461059570312,171.91000366210938,5021.83984375
2024-02-13 00:00:00-05:00,185.0399932861328,168.63999938964844,145.13999938964844,43.15999984741211,405.57000732421875,721.2462158203125,171.5399932861328,4953.169921875
2024-02-14 00:00:00-05:00,184.14999389648438,170.97999572753906,145.94000244140625,44.189998626708984,409.489990234375,738.96533203125,178.6999969482422,5000.6201171875
2024-02-15 00:00:00-05:00,183.86000061035156,169.8000030517578,142.77000427246094,44.04999923706055,406.55999755859375,726.5459594726562,176.75999450683594,5029.72998046875
2024-02-16 00:00:00-05:00,182.30999755859375,169.50999450683594,140.52000427246094,43.5099983215332,404.05999755859375,726.095947265625,173.8699951171875,5005.56982421875
2024-02-20 00:00:00-05:00,181.55999755859375,167.0800018310547,141.1199951171875,44.52000045776367,402.7900085449219,694.4874267578125,165.69000244140625,4975.509765625
2024-02-21 00:00:00-05:00,182.32000732421875,168.58999633789062,142.5500030517578,43.470001220703125,402.17999267578125,674.6882934570312,164.2899932861328,4981.7998046875
2024-02-22 00:00:00-05:00,184.3699951171875,174.5800018310547,144.08999633789062,42.97999954223633,411.6499938964844,785.3431396484375,181.86000061035156,5087.02978515625
2024-02-23 00:00:00-05:00,182.52000427246094,174.99000549316406,143.9600067138672,42.9900016784668,410.3399963378906,788.1329956054688,176.52000427246094,5088.7998046875
2024-02-26 00:00:00-05:00,181.16000366210938,174.72999572753906,137.57000732421875,42.9900016784668,407.5400085449219,790.8828735351562,176.00999450683594,5069.52978515625
2024-02-27 00:00:00-05:00,182.6300048828125,173.5399932861328,138.8800048828125,42.72999954223633,407.4800109863281,786.9730834960938,178.0,5078.18017578125
2024-02-28 00:00:00-05:00,181.4199981689453,173.16000366210938,136.3800048828125,41.9900016784668,407.7200012207031,776.5935668945312,176.5399932861328,5069.759765625
2024-02-29 00:00:00-05:00,180.75,176.75999450683594,138.4600067138672,43.04999923706055,413.6400146484375,791.0828857421875,192.52999877929688,5096.27001953125
